label,id,fea_1,fea_2,fea_3,fea_4,fea_5,fea_6,fea_7,fea_8,fea_9,fea_10,fea_11
0,59004779,4,1277,1,113000,2,8,-1,100,3,341759,207.17384
0,58990862,7,1298,1,110000,2,11,-1,101,5,72001,
1,58995168,7,1335.5,1,151000,2,11,5,110,3,60084,
0,54987320,7,,2,59000,2,11,5,108,4,450081,197.4031408
0,59005995,6,1217,3,56000,2,6,-1,100,3,60091,
1,59001917,4,1304,3,35000,2,8,9,85,5,60069,
1,54984789,5,1256,3,78000,2,15,-1,111,3,60030,
,58984557,5,1323.5,3,218000,2,15,5,112,4,151300,282.8427125
0,54990497,4,,2,35000,2,8,5,101,3,60029,237.301496
0,58996401,7,1314.5,1,483000,2,11,9,101,3,151300,282.8427125
0,59001833,4,1250,3,95000,2,8,9,111,4,60047,
0,58989327,7,1223,3,81000,2,11,5,114,4,151300,194.9358869
0,59003965,4,,2,76000,2,8,9,113,4,60091,158.4077018
0,58992002,7,1365.5,1,96000,2,11,-1,78,3,60025,178.8854382
0,54987675,7,1257.5,3,126000,2,11,5,105,3,151300,
0,58998405,4,1214,3,81000,2,8,5,111,1,60043,202.4845673
1,58993173,7,1241,3,78000,1,11,5,105,5,60074,
1,54985924,7,1241,1,111000,2,11,5,90,5,350068,223.6067977
,59000383,4,,2,47000,2,8,9,107,5,151300,
0,58994740,7,,2,77000,2,11,9,114,5,510000,159.6997182
0,59004503,4,1305.5,1,129000,2,8,5,81,5,60014,
0,58991241,7,1277,1,150000,2,11,5,95,5,60015,
0,54991685,4,1304,1,35000,2,8,5,105,3,340019,181.6590212
0,59003773,4,1320.5,3,164000,1,8,5,105,5,151300,187.0828693
0,58991607,7,1290.5,3,119000,2,11,9,85,3,151300,200
1,59004540,4,,2,34000,2,8,5,100,5,72049,163.294213
0,54984058,5,1455.5,3,35000,2,15,5,92,5,60058,
1,58990737,7,1242.5,3,71000,1,11,5,108,5,60005,173.2050808
1,58994089,7,1239.5,3,79000,2,11,8,111,5,71003,
0,58990628,7,1335.5,3,150000,2,11,9,105,5,350050,412.3105626
0,58998166,4,1355,3,177000,2,8,5,87,5,151101,
0,58985693,5,,3,227000,2,15,-1,110,4,450080,183.0300522
0,58983409,5,1338.5,3,30000,2,15,5,110,4,71000,223.6067977
0,58992481,7,1259,3,74000,2,11,5,95,5,60036,207.3185954
0,59003975,4,1364,1,200000,2,8,5,90,3,60022,212.1320344
0,58994549,7,,2,90000,2,11,2,114,4,151300,173.2050808
0,58989033,7,1335.5,3,126000,2,11,5,83,5,60051,
1,54986575,7,1272.5,3,50000,2,11,5,79,3,60011,
0,54988158,7,1347.5,1,392000,2,11,4,114,4,60018,
0,58998578,4,1191.5,3,50000,2,8,5,106,5,60090,
0,54983799,5,1298,1,127000,2,15,-1,113,4,151300,
0,58984960,5,1469,3,110000,2,15,5,82,5,350066,223.6067977
0,54989325,4,,2,49000,2,8,-1,113,4,72001,180.7235458
0,54988244,7,1400,1,100000,2,11,5,94,5,60028,205.5553453
1,58995842,7,1302.5,1,92000,2,11,-1,105,4,60075,212.1320344
0,58994057,7,1314.5,1,127000,2,11,-1,109,3,340012,500
1,58989594,7,1317.5,3,127000,2,11,9,88,5,71000,200
0,59002949,4,1314.5,3,89000,2,8,5,111,4,151009,
0,59002060,4,1280,3,96000,2,8,9,112,4,60062,
0,59004373,4,1287.5,1,139000,2,8,5,100,3,60030,244.9489743
0,54984810,5,1241,3,60000,2,15,5,90,5,60000,200
0,58988486,7,1187,3,90000,2,11,5,100,5,60093,
0,58983605,5,1350.5,1,237000,2,15,8,86,3,60085,223.6067977
0,58991407,7,1302.5,1,92000,2,11,-1,105,4,591003,167.3320053
0,54984606,5,1205,3,61000,2,15,5,76,5,60069,
0,54982353,1,1130,2,1000000,2,4,-1,100,5,650018,
0,59004654,4,1352,1,168000,2,8,5,,3,60017,223.6067977
0,58989220,7,1223,3,73000,2,11,9,111,4,350092,200
1,54988224,7,1235,3,101000,2,11,5,112,3,60013,
0,54983094,5,1334,3,102000,2,15,9,84,5,72000,200
0,54992131,4,1214,3,68000,2,8,9,110,5,60091,
1,58996840,7,1241,3,55000,2,11,9,113,4,151300,
0,58998646,4,1293.5,1,458000,2,8,-1,75,5,340017,
0,58998781,4,1382,3,76000,2,8,5,100,5,60018,
1,58995151,7,,2,126000,2,11,9,115,4,450028,
0,58998842,4,1323.5,1,103000,2,8,-1,85,5,350069,
1,58987028,5,1206.5,3,49000,2,15,2,102,4,551201,
,54985084,7,1214,3,59000,2,11,9,86,5,60018,200
0,54982463,5,1272.5,3,70000,2,15,5,113,5,60033,167.1227094
0,59003131,4,1322,3,35000,2,8,5,95,3,151300,173.2050808
0,59002005,4,1239.5,3,68000,2,8,5,84,5,60052,
0,58997354,4,1328,3,148000,2,8,2,110,5,60064,
0,58984516,5,1371.5,3,82000,2,15,5,115,5,151300,
0,59001893,4,1313,3,133000,2,8,5,80,5,60074,
0,54983792,5,1212.5,3,125000,2,15,10,113,4,550005,187.0828693
0,59003954,4,1322,1,104000,2,8,5,114,3,60019,212.1320344
1,54986544,7,1214,3,51000,2,11,9,111,5,72000,
0,58997872,4,1305.5,3,91000,2,8,2,95,5,60091,
0,59003122,4,1278.5,3,115000,2,8,5,99,3,72000,173.2050808
1,54988011,7,1241,3,75000,2,11,5,110,4,450059,194.9358869
0,58998566,4,1281.5,3,304000,2,8,5,84,3,60024,
0,58987375,5,1230.5,3,58000,2,15,-1,92,3,340020,122.4744871
0,58993203,7,,2,58000,2,11,5,113,4,510010,187.0828693
0,59004078,7,1257.5,1,84000,1,11,5,106,5,71000,173.2050808
1,59000783,4,1305.5,3,59000,2,8,5,113,4,72004,
0,58987210,5,1223,3,90000,2,15,5,101,3,450091,223.6067977
0,54989680,4,1214,3,118000,2,8,5,110,4,71000,223.6067977
0,54990315,4,1235,3,84000,2,8,5,82,5,60044,
0,58996127,7,1266.5,1,165000,2,11,5,111,3,60084,
0,59005099,4,1304,1,100000,2,8,-1,113,3,350098,158.113883
0,58991420,7,,2,64000,2,11,5,113,4,151009,159.8812059
0,58991252,7,,3,108000,1,11,-1,111,4,450006,158.113883
0,58994510,7,1244,3,59000,2,11,5,79,3,60040,173.2050808
1,58985495,5,1314.5,3,177000,2,15,5,105,5,60059,
0,58997265,4,1386.5,3,296000,2,9,5,109,5,151300,223.6067977
0,58995669,7,,3,35000,2,12,-1,86,3,650070,161.8548733
0,54992046,4,1257.5,1,91000,2,8,5,90,3,72000,
0,59000764,4,1269.5,3,107000,1,8,9,81,3,60040,173.2050808
0,58997788,4,1304,3,60000,2,8,2,95,5,60058,223.6067977
0,58996671,7,1283,3,90000,2,11,5,85,5,60000,
0,59003535,4,,2,139000,2,8,5,111,3,60036,
1,54989200,4,,2,60000,2,8,9,100,5,151300,172.3223723
1,58989344,7,1265,3,70000,2,11,-1,81,5,350704,316.227766
,54988214,7,1256,1,126000,2,11,9,102,3,350705,158.113883
0,58990663,7,1314.5,3,150000,2,11,10,113,4,60023,187.0828693
0,59005290,4,1320.5,1,138000,2,8,9,108,3,60000,212.407627
0,58982606,5,1377.5,3,96000,2,15,5,87,5,60044,207.3644135
0,58993672,7,1415,3,155000,2,11,5,107,3,60005,212.1320344
0,58982803,5,1272.5,3,143000,2,15,5,114,4,72001,223.6067977
0,58998809,4,1278.5,3,186000,2,8,5,,5,72000,173.2050808
1,58994301,7,1254.5,3,100000,2,11,5,84,5,151300,158.113883
1,59002746,4,1239.5,3,90000,2,8,5,100,3,60019,173.2050808
0,58999985,7,1281.5,3,98000,2,11,9,114,4,60019,
0,58997200,7,1376,1,150000,2,11,-1,110,4,60000,219.2487172
0,54988052,7,1350.5,1,110000,2,11,-1,108,5,71000,
0,59005852,4,1338.5,1,112000,2,8,5,90,3,330008,
0,58986215,5,1250,1,167000,2,15,-1,,5,450080,141.4213562
0,59002872,4,1307,1,133000,2,8,5,110,3,60043,
0,58995080,7,1235,1,75000,2,11,5,91,5,350092,200
1,58983822,5,1308.5,3,30000,2,15,5,,5,60062,
0,59003155,4,1340,3,116000,2,8,9,104,5,72000,
0,58999690,4,1214,3,81000,2,8,9,,4,60040,
0,58995904,7,1230.5,1,129000,2,11,5,88,3,60043,
1,54990680,4,1241,3,60000,2,8,5,115,5,60036,
0,58985627,5,,3,95000,2,15,-1,112,4,450006,173.2050808
0,58990758,7,1284.5,3,106000,2,11,9,104,4,60036,
0,59003223,4,1308.5,1,35000,2,8,5,103,5,151300,
0,59003779,4,1227.5,3,62000,2,8,5,110,5,60069,
0,58987426,5,1277,1,142000,2,15,-1,,4,450002,197.4841766
0,58993764,7,1277,3,98000,2,11,5,92,5,60036,
1,58984726,5,1347.5,3,150000,2,15,5,110,5,72000,538.5387637
0,58986751,5,,2,82000,2,15,5,106,5,60058,
0,58993992,7,1266.5,3,89000,2,11,5,89,3,60091,
1,58987541,5,1268,3,91000,2,15,5,112,4,71008,
0,58984801,5,1265,1,90000,2,15,-1,110,5,450018,187.0828693
0,58987142,5,1310,1,500000,2,15,5,103,5,452306,244.9489743
0,58990112,7,1290.5,1,99000,2,11,-1,110,5,450062,200
0,58987511,5,1272.5,3,97000,2,15,8,105,5,72000,
0,58983291,5,1304,3,390000,2,15,5,91,5,60050,
0,59004230,4,1277,3,100000,2,8,5,100,5,60000,223.6067977
0,59005708,4,1356.5,1,148000,2,8,5,83,3,60001,
1,58993847,7,1262,3,172000,2,11,9,112,4,72000,262.1106637
0,58991194,7,1247,3,71000,1,11,9,95,4,60026,200.7560709
0,58993040,7,1235,3,89000,2,11,5,115,5,60065,
0,59002016,4,1196,3,65000,2,8,-1,108,4,72001,
1,58982721,5,1269.5,3,86000,2,15,9,89,5,60019,
0,54983915,5,1256,3,110000,2,15,9,107,5,60018,
0,58995594,7,1254.5,3,97000,2,11,5,83,3,60017,282.8427125
0,58984646,5,1239.5,3,78000,2,15,5,112,4,450015,214.4761059
0,54986089,7,1241,3,63000,2,11,5,107,5,72000,
0,54992154,4,1341.5,1,91000,1,8,5,100,4,151300,173.6605885
0,59002314,4,1317.5,3,293000,2,8,5,100,5,60018,
1,54982549,5,1326.5,3,30000,2,15,5,110,5,60005,
0,58984702,5,1310,3,325000,2,15,5,83,3,71000,
0,54983466,5,1274,3,127000,2,15,9,113,4,72001,212.1320344
1,54984241,5,,2,30000,2,15,5,104,3,72002,207.3644135
0,54985473,7,1317.5,3,150000,2,11,5,112,5,450042,345.7947368
0,54985977,7,1346,1,112000,2,11,5,85,5,60064,200
0,58988021,5,1277,1,101000,2,15,5,111,4,60091,
0,58999931,4,1338.5,3,165000,2,8,5,111,5,151300,288.0972058
0,58992868,7,1316,1,117000,2,11,-1,110,5,361013,
0,59001343,4,1272.5,3,170000,2,8,5,110,4,60019,
0,58987886,5,1269.5,1,175000,2,15,5,110,5,350057,173.2050808
0,58999555,4,1283,3,94000,2,8,9,64,5,60017,
0,54987199,7,1329.5,1,150000,2,11,-1,86,5,60036,
0,58994324,7,1266.5,3,130000,2,11,9,100,5,60005,173.2050808
0,58987097,5,1248.5,3,98000,2,15,5,110,4,550003,178.8854382
0,58991130,7,1340,3,341000,2,11,5,112,5,72001,
1,58982795,5,1292,3,119000,2,15,9,107,4,72001,187.0828693
0,58994149,7,1266.5,3,120000,1,11,9,110,3,60029,316.227766
1,54982721,5,,2,90000,2,15,5,92,5,72014,
0,59004716,4,1268,1,104000,2,8,9,95,5,60027,
1,54988411,7,1242.5,3,56000,2,11,5,113,4,151300,
1,58993621,7,1272.5,3,80000,2,11,9,86,4,60043,
0,59003358,4,,2,57000,2,8,-1,100,3,72000,194.1829035
0,58991973,7,1298,1,71000,2,11,-1,113,4,72000,
0,59002553,4,1298,3,101000,2,8,9,105,3,60052,212.1320344
0,58997580,4,,2,126000,2,8,-1,109,5,330012,
0,58995727,7,1214,3,58000,2,11,5,112,4,71006,
,59001882,7,1355,3,94000,2,11,5,114,4,510044,216.3816074
1,58995389,7,1289,1,107000,2,11,5,102,3,151300,
0,54988373,7,1295,1,116000,2,11,9,108,4,151300,
0,58991722,7,1308.5,3,143000,2,11,5,,3,151009,173.2050808
0,58990958,7,,2,53000,2,11,5,105,4,151307,186.2229846
1,54985687,7,1188.5,3,90000,2,11,5,98,5,60017,
0,59000104,4,1290.5,1,118000,1,8,5,100,5,60023,141.4213562
1,58986809,5,1305.5,3,35000,2,15,9,115,4,72000,
0,58993548,7,1230.5,3,114000,2,11,5,112,4,72000,254.9509757
0,54986879,7,,2,179000,2,11,5,113,4,450002,267.5817632
0,54983822,5,,3,94000,2,15,5,113,4,60057,193.6362569
0,59004621,4,1287.5,3,110000,2,8,9,80,5,151300,
0,54990474,4,1290.5,1,103000,2,8,9,112,4,60084,176.0681686
1,58985009,5,1367,3,167000,2,15,5,95,5,60021,244.9489743
0,58993402,7,1419.5,1,89000,2,11,5,110,3,350060,337.106808
0,58982806,5,1307,3,91000,2,15,5,110,5,60023,200
1,58982754,5,1322,3,195000,2,15,5,90,3,60033,240.8318916
0,58986146,5,1250,3,93000,2,15,7,111,5,350062,244.9489743
0,59001898,4,1179.5,3,56000,2,8,5,99,3,72000,234.520788
0,59004966,4,,2,39000,2,8,5,113,4,72015,172.4731863
0,58987077,5,1269.5,1,77000,1,15,-1,84,5,450000,167.3320053
0,59004141,4,1316,1,127000,2,8,-1,95,5,330013,
0,58992060,7,1272.5,1,229000,2,11,-1,112,3,450000,173.2050808
1,58990934,7,1262,3,151000,2,11,5,114,4,510102,251.968252
0,58983730,5,1443.5,3,155000,1,15,5,104,5,60000,254.9509757
0,58988129,5,1187,3,102000,2,15,5,113,4,450081,197.4841766
0,59000510,4,1338.5,1,107000,2,8,9,82,5,151300,
0,59000066,4,,2,259000,1,8,5,110,4,72000,200
0,58984937,5,1296.5,1,130000,2,15,-1,86,4,60018,158.113883
1,58996558,7,1355,1,160000,2,11,5,84,3,151304,173.2050808
0,59003949,4,1253,1,468000,2,8,5,81,5,60016,204.9390153
0,58991249,7,1296.5,3,138000,1,11,5,100,5,60027,158.113883
0,54988614,7,,2,106000,2,11,-1,90,5,60033,
1,59003162,4,,2,50000,2,8,5,87,5,60033,167.934511
1,58987961,5,1302.5,1,177000,2,15,9,80,3,371200,158.113883
0,54989304,4,1238,3,125000,2,8,9,85,5,60002,
0,58983307,5,1214,3,56000,2,15,5,101,5,60064,192.1639925
0,54989018,4,,2,45000,2,8,5,85,4,151307,172.1307642
1,58989056,7,1290.5,3,113000,2,11,5,109,5,60091,204.9390153
0,58991324,7,1245.5,3,58000,2,11,5,101,5,60058,200
0,58982668,5,1316,3,500000,2,15,5,104,5,72000,316.227766
0,59002933,4,,2,97000,2,8,5,110,4,72001,196.3644571
0,54985624,7,1332.5,3,98000,2,11,5,107,5,60033,262.1278314
0,58991302,7,1290.5,1,108000,1,11,5,95,5,60064,
0,58988871,7,1259,3,147000,2,11,9,110,5,350029,421.0700654
1,59000336,4,,2,446000,2,8,-1,90,5,60014,
0,58998876,4,1245.5,3,87000,2,8,5,112,5,60033,222.1328431
0,58983272,5,1296.5,3,148000,2,15,5,100,4,60023,187.0828693
0,58991823,7,,2,75000,2,11,9,111,4,151009,173.2050808
0,58997994,4,1349,3,139000,2,8,5,109,5,151304,212.1320344
0,58989132,7,1319,3,88000,2,11,5,114,4,151300,228.4513077
0,54984671,5,1301,1,114000,2,15,5,106,3,351106,187.0828693
1,59005571,4,1241,3,60000,2,8,5,107,3,151300,187.0828693
0,58993796,7,1397,1,131000,2,11,5,95,5,60001,
0,54983353,5,1224.5,3,56000,2,15,5,113,4,151307,
1,54987489,7,1307,1,182000,2,11,-1,101,5,350052,200
0,54988427,7,1236.5,1,150000,2,11,9,110,4,450000,212.1320344
1,59000077,4,1305.5,3,128000,2,8,5,114,4,72000,291.1889421
0,59004521,4,1305.5,1,117000,2,8,5,112,5,60029,
1,54990604,4,1238,3,75000,2,8,5,104,4,72001,
0,54984913,5,1229,3,50000,2,15,9,110,5,450071,200
0,58984889,5,1305.5,3,130000,2,15,5,100,5,60016,
1,58991158,7,1205,3,77000,2,11,-1,85,5,151300,273.8612788
0,58985548,5,1266.5,3,82000,2,15,9,114,1,60047,200
1,54982387,2,1349,1,286000,2,3,-1,80,3,361003,
0,58989891,7,,2,63000,2,11,5,84,5,60019,158.113883
0,54988581,7,1247,,,,,,,5,60041,
,54987763,7,1232,1,96000,2,11,9,88,5,151300,233.520877
0,54985320,7,1367,1,80000,2,12,-1,112,5,60000,245.5850158
0,59005275,4,1298,1,165000,2,8,9,90,3,72000,234.4504212
1,58987220,5,1259,3,94000,2,15,9,105,3,350063,200
0,58995903,7,1233.5,3,78000,,,,,,60036,
0,59000498,4,1352,1,128000,,,,,,60058,
0,58993744,7,1370,3,394000,2,11,5,112,5,510009,445.0382006
1,59003325,4,1325,1,126000,2,8,9,106,5,71003,
1,59002803,4,1295,1,35000,2,8,5,90,3,151300,
0,59003192,4,1329.5,1,181000,2,8,5,111,3,340017,223.6067977
0,58990897,7,1310,3,128000,2,11,9,105,5,60052,223.6067977
0,59004828,4,1274,1,132000,2,8,5,107,3,60016,202.4845673
0,58993767,7,1326.5,1,91000,1,11,9,106,4,450080,291.5475947
1,58989746,7,1334,3,86000,2,11,5,113,5,510065,168.5140944
0,54986167,7,1256,3,130000,1,11,9,105,5,60058,187.0828693
0,59001201,4,1320.5,1,122000,2,8,5,103,5,60046,
0,59001692,4,1257.5,1,110000,2,8,5,89,3,350063,189.7366596
0,59000231,4,1425.5,3,146000,2,8,5,113,5,60062,
0,58997422,4,1248.5,3,50000,2,8,-1,100,3,332345,387.2983346
0,54985176,7,1328,3,71000,2,11,5,109,5,60004,444.4738462
0,58995493,7,,2,73000,2,11,9,109,3,151300,189.8051633
0,59002534,4,1242.5,3,70000,1,8,5,103,3,60040,181.6590212
0,58995172,7,1263.5,3,35000,2,12,-1,115,4,350012,271.1162112
0,59000340,4,1313,3,98000,1,8,9,103,5,151300,173.2050808
1,58982978,5,1322,3,30000,2,15,5,91,5,60047,164.3167673
1,59002226,4,,2,48000,1,8,5,101,5,72000,165.3753307
1,58993990,7,1263.5,3,,,,,,,60095,
0,58983850,5,1221.5,3,97000,2,15,9,109,4,72001,263.3097036
0,58995787,7,1289,3,68000,1,11,5,86,3,60016,173.2050808
1,54984978,5,,2,58000,2,15,5,95,3,60075,212.1320344
0,58988287,5,1307,1,39000,2,15,9,114,4,450016,160.4462527
0,58992687,7,,3,72000,2,11,-1,107,4,450048,141.4213562
0,54989469,4,1190,3,128000,2,8,5,105,5,72000,
0,59002231,4,1353.5,3,125000,2,8,9,107,5,60093,
0,54984717,5,1257.5,3,35000,2,15,-1,89,5,60005,
1,58982857,5,1272.5,3,76000,2,15,5,104,5,60084,
1,54983561,5,,2,47000,2,15,5,112,4,510037,175.8266191
0,58993789,7,1238,3,59000,2,11,9,112,5,60000,
1,54985654,7,1280,3,120000,2,11,5,115,5,151300,218.604666
0,54989251,4,1263.5,3,100000,2,8,5,64,5,60047,
0,59003000,4,1293.5,1,149000,2,8,-1,96,3,60023,
1,54987040,7,1190,,,,,,,,,
0,54985988,7,1262,,,,,,,,,
0,58986533,5,1358,,,,,,,,,
0,58982387,1,1217,,,,,,,,,
1,58984255,5,1223,3,50000,2,15,5,89,3,151300,
0,54988697,7,1287.5,1,88000,2,11,-1,113,4,71003,
1,54982856,5,1361,3,30000,1,15,5,110,5,60033,264.5751311
0,58988923,7,1223,3,68000,1,11,5,84,5,60014,158.113883
0,59004856,4,,2,99000,2,8,5,90,3,60036,188.0664776
0,54990128,4,,2,105000,2,8,9,110,5,72000,187.0561413
0,54986034,7,1298,1,114000,2,11,5,103,3,60014,173.2050808
1,54986429,7,1326.5,3,208000,2,11,5,105,4,510070,279.6640842
0,58988867,7,1170.5,3,71000,2,11,5,111,4,151307,200
0,54987401,7,1325,1,50000,2,12,-1,105,5,350012,225.2287726
0,59002062,4,1320.5,1,123000,2,8,5,105,3,332444,
0,59001353,4,1256,3,120000,2,8,5,105,5,72015,
0,58996494,7,1304,1,98000,2,11,5,113,4,151300,180.2775638
0,58987161,5,,2,48000,2,15,5,107,4,450008,178.0056179
0,54983470,5,1238,3,104000,2,15,7,110,4,450075,243.0370342
0,59004000,4,1214,3,82000,1,8,5,100,5,60019,167.3320053
0,58992602,7,1368.5,3,390000,2,11,5,101,5,60024,173.2050808
0,54985177,7,1262,3,121000,2,11,5,106,5,151300,387.356425
0,58990273,7,1362.5,3,83000,2,11,9,100,4,151300,174.2067737
0,54988633,7,1253,1,50000,2,11,5,112,4,72049,184.3637708
0,54986068,7,1220,3,263000,2,11,9,90,2,151300,
0,58987963,5,1236.5,1,52000,2,15,5,112,4,550009,172.6151789
0,54985523,7,1223,3,97000,2,11,5,109,3,450003,187.0828693
0,58999697,4,1290.5,3,140000,2,8,9,101,5,60063,
0,59002213,4,1305.5,1,123000,2,8,5,106,3,330008,
0,54983331,5,1241,3,30000,2,15,5,80,5,60006,
0,58998938,4,1397,3,191000,2,8,9,114,4,72000,300.4080558
0,54990331,4,1314.5,1,177000,2,8,-1,112,5,60000,200
0,59000853,4,1305.5,1,118000,2,8,9,112,4,151300,223.6067977
0,59001863,4,1223,3,77000,2,8,9,111,5,72000,
0,58993710,7,1304,1,130000,2,11,5,111,4,450046,223.6067977
0,54987936,7,1223,3,72000,2,11,-1,114,5,151300,167.3320053
0,59002170,4,1256,3,141000,2,8,5,84,3,60031,223.6067977
0,58996882,7,1233.5,3,59000,2,11,5,91,3,450052,387.2983346
0,58990235,7,1281.5,1,304000,2,11,-1,111,4,450001,244.9489743
1,54989257,4,1242.5,3,56000,2,8,-1,85,5,330007,
1,58994340,7,1281.5,1,75000,2,11,5,87,5,72049,
0,58989150,7,1328,3,182000,2,11,5,98,5,72001,173.2050808
1,58995703,7,,3,75000,2,11,9,100,5,450018,353.5533906
0,59004349,7,1277,1,119000,1,11,5,105,3,72000,217.4741364
0,58990289,7,1335.5,3,185000,2,11,5,100,5,351106,212.1320344
0,59001124,4,1239.5,3,85000,2,8,5,66,5,72000,
1,58993373,7,1299.5,1,135000,2,11,5,87,3,350705,187.0828693
1,59001563,4,1214,3,56000,2,8,5,109,3,151300,200
0,59000457,4,,2,90000,2,8,5,111,4,72001,188.9259114
0,58994986,7,1298,1,128000,2,11,5,92,5,151300,173.2050808
0,58988758,7,1419.5,3,61000,2,11,5,80,5,151300,200.4594722
0,54984214,5,1241,3,51000,2,15,5,88,5,151300,
0,54987487,7,1304,3,135000,2,11,5,90,3,550109,282.8427125
0,58991921,7,1301,1,75000,2,11,7,112,4,72000,
0,58990850,7,1266.5,3,110000,1,11,5,99,5,151300,173.2050808
1,59005881,4,,2,94000,2,8,-1,113,4,72000,
0,54983307,5,1269.5,1,180000,1,15,5,90,3,151009,173.2050808
1,58988200,5,1308.5,3,39000,2,15,5,82,3,450018,159.9843742
0,59001184,4,1304,3,35000,2,8,9,90,5,60047,
0,54985410,7,1304,3,290000,2,11,5,111,4,60000,310.3836336
0,58993739,7,1307,1,80000,2,11,5,95,5,60026,
0,58988886,7,1235,3,68000,2,11,5,110,5,450017,187.0828693
0,54989788,4,1277,1,162000,2,8,5,85,5,151304,212.1320344
1,58998919,4,1253,3,84000,2,8,5,107,4,72001,173.2050808
0,58988250,5,1242.5,3,30000,2,15,5,80,3,60050,200
1,58994121,7,1241,3,65000,2,11,9,110,3,151011,
0,58983271,5,1116.5,3,214000,2,15,9,112,4,60019,200
0,58998637,4,1287.5,3,113000,2,8,5,110,4,151300,
0,54983719,5,1251.5,3,106000,2,15,5,83,5,350012,223.6067977
0,54992448,7,1350.5,1,137000,2,11,5,100,3,60048,178.8854382
0,58986051,5,1305.5,3,72000,2,15,5,100,5,151300,
0,58983865,5,1388,3,75000,2,15,5,113,5,450027,222.2970985
0,58996591,7,1320.5,1,123000,2,11,5,113,4,60091,
1,58988697,7,,2,50000,2,11,5,112,5,72000,181.5543996
0,58994114,7,1376,3,142000,1,11,5,99,3,151300,223.6067977
1,54985076,7,1365.5,3,143000,2,11,5,83,3,60011,202.4845673
0,59003842,4,1239.5,1,72000,1,8,5,89,5,60084,173.2050808
0,59004857,4,1223,3,56000,2,8,9,110,3,151009,
1,58999186,4,1274,3,388000,2,8,9,111,5,72000,
0,58995478,7,1301,1,77000,2,11,5,95,3,450000,173.2050808
1,54987857,7,1323.5,1,152000,2,11,5,98,5,151008,
0,58988212,5,1227.5,3,35000,2,15,4,105,5,510099,316.227766
1,58983297,5,1299.5,3,30000,2,15,5,95,5,71000,200
0,58999263,4,1317.5,3,81000,2,8,5,90,5,60038,
0,59002046,4,1259,3,,,,,,,,
0,58994346,7,1298,1,100000,2,11,9,112,4,552104,178.8854382
0,58989956,7,1284.5,1,82000,2,11,-1,103,4,450019,214.4761059
0,58992457,7,1284.5,3,144000,2,11,4,96,3,71002,
0,58990986,7,1334,3,108000,2,11,5,90,3,60092,223.6067977
0,58995052,7,1314.5,1,97000,2,11,9,90,3,60005,221.3594362
0,59005496,4,1298,1,35000,2,8,5,103,5,60028,200
0,54988030,7,1278.5,3,131000,2,11,5,110,3,60001,
0,54987756,7,1257.5,3,144000,2,11,5,114,3,60028,
0,54982697,5,1320.5,3,130000,2,15,5,85,5,60047,212.1320344
1,54987300,7,1125.5,3,79000,2,11,-1,107,5,450007,187.0828693
0,58993803,7,,2,370000,2,11,-1,85,3,350096,351.0911563
1,58985008,5,1259,3,121000,2,15,5,91,5,60064,
0,59005917,4,1266.5,1,104000,2,8,-1,92,5,60036,
0,59005740,4,1266.5,1,191000,2,8,5,85,3,72000,
0,58994607,7,1377.5,3,78000,1,11,5,100,3,60017,173.2050808
1,58986784,5,1242.5,3,75000,2,15,5,109,4,510020,173.2050808
0,58994215,7,1352,1,,,,,,,60036,
1,58993369,7,1308.5,1,,,,,,,151009,
0,59004587,4,1265,1,120000,2,8,5,105,3,71000,
0,54985606,7,1320.5,1,140000,2,11,-1,108,4,550039,189.7366596
1,58991789,7,1304,3,63000,2,11,5,110,4,60095,223.6067977
0,59003935,4,1308.5,1,125000,1,8,5,104,3,72000,181.6590212
0,58990417,7,1283,3,146000,2,11,5,110,4,151300,241.5491668
0,59004284,4,1316,1,143000,2,8,5,77,3,60061,
0,59000822,4,1275.5,3,284000,2,8,5,107,5,60000,
1,54986977,7,,2,77000,2,11,5,83,3,60000,174.9314151
0,54986897,7,1367,3,234000,2,11,5,113,5,591044,
0,58985717,5,1211,3,97000,2,15,5,86,5,151300,
0,58999934,4,1293.5,1,114000,2,8,5,111,4,72001,
0,58999868,4,1275.5,3,136000,2,8,5,113,4,60000,
1,54991896,4,1328,1,150000,2,8,5,107,3,332414,
1,58989341,7,1241,3,56000,1,11,5,103,4,151300,158.113883
0,58987931,5,1311.5,1,215000,2,15,5,110,3,350020,219.089023
0,58996991,7,1197.5,3,63000,2,11,-1,93,5,72000,
0,58984336,5,1245.5,3,100000,2,15,2,90,5,60028,204.9390153
0,59003959,4,,2,57000,2,8,5,107,5,151300,194.9358869
0,54986232,7,1272.5,3,138000,2,11,5,71,3,60023,
0,58995487,7,1239.5,1,108000,2,11,5,110,4,60004,200
0,54987789,7,1289,3,130000,2,11,9,84,3,60019,
0,54987682,7,1290.5,1,119000,2,11,9,114,4,591017,
0,58997954,4,1227.5,1,110000,2,8,-1,98,5,361036,
0,58992934,7,,2,59000,2,11,5,111,4,72001,182.9699429
0,59005240,4,1253,1,97000,2,8,5,115,3,60034,
0,59002429,4,,2,104000,2,8,5,108,5,151306,185.6744463
0,58998029,4,1244,3,107000,2,8,5,112,5,60017,3.16227766
1,58997951,4,1230.5,3,125000,2,8,9,109,5,71002,316.227766
0,59001297,4,1233.5,1,190000,1,8,-1,85,3,60064,
0,58999688,4,,2,130000,2,8,5,73,5,60024,207.8605302
0,58993467,7,1257.5,3,95000,1,11,4,111,4,450015,244.9489743
0,54992451,7,1302.5,1,105000,2,11,5,95,3,60000,
0,58995813,7,1230.5,3,57000,2,11,9,108,4,450015,170.2938637
0,54987083,7,1245.5,3,110000,2,11,5,100,4,71000,
0,54989065,4,1244,3,97000,2,8,5,99,5,60091,164.3167673
0,58987512,5,1302.5,3,211000,2,15,5,87,3,72000,
0,54987747,7,,2,50000,1,11,5,100,4,60075,182.2086716
0,58993064,7,1320.5,1,145000,2,11,5,100,5,330012,
0,58995532,7,1304,3,129000,2,11,5,103,3,151300,161.245155
0,58996590,7,1287.5,1,152000,2,11,5,108,5,151300,
0,54986029,7,,2,127000,2,11,-1,110,4,450063,200
0,58998989,4,1214,3,51000,2,8,5,104,5,151300,173.2050808
0,54986274,7,1262,3,106000,2,11,9,109,4,450002,173.2050808
0,54985821,7,1277,3,243000,2,11,5,83,5,60087,
1,58998661,4,1211,3,71000,2,8,5,101,5,60073,264.5751311
0,58982909,5,1251.5,3,113000,2,15,5,85,5,60084,212.0943186
1,58982354,1,1343,1,550000,2,5,-1,77,5,350024,
1,59000639,4,1251.5,3,51000,2,8,-1,74,5,60041,
0,54986974,7,1275.5,3,122000,2,11,9,108,4,60018,
0,58986053,5,1262,3,93000,2,15,9,86,5,151300,204.9390153
0,54984435,5,1248.5,1,286000,2,15,-1,112,4,450094,173.2050808
0,59003229,4,,2,46000,2,8,5,114,4,60000,173.7843491
1,59003111,4,1223,3,73000,2,8,9,105,3,151300,
0,59005838,4,1257.5,3,35000,2,8,3,112,4,72014,
1,58989269,5,1391,3,112000,2,15,5,112,4,71002,192.608411
1,54991441,4,,2,66000,2,8,9,113,4,72002,162.4499923
0,58989409,7,1232,3,100000,2,11,5,111,4,72000,204.9390153
0,58985568,5,1364,3,142000,2,15,5,100,5,60044,
0,54989484,4,1313,3,328000,2,8,5,90,5,151300,
0,58986063,7,1266.5,3,86000,2,11,5,87,3,151000,200
0,58999633,4,1296.5,3,250000,2,8,5,105,3,60033,200
1,54988512,7,1239.5,1,238000,2,11,5,110,4,60014,200
0,54989030,4,1244,3,119000,2,8,9,100,3,60067,
0,58983791,5,1215.5,3,100000,2,15,5,110,5,450015,258.0852572
0,54987651,7,1250,3,102000,2,11,5,100,3,60050,
1,54988107,7,1361,3,274000,2,11,5,100,3,151300,314.9666649
0,58988505,7,1361,3,77000,1,11,5,103,5,72000,200
0,59004688,4,1251.5,1,360000,2,8,9,110,4,151300,
0,58999709,4,1314.5,3,176000,2,8,9,114,4,72049,
1,58990519,7,1256,1,102000,2,11,-1,110,4,450080,
0,54991967,4,,2,70000,2,8,5,90,3,72000,
1,54987545,7,1212.5,3,61000,2,11,5,112,4,450031,
0,58996619,7,1322,1,115000,2,11,5,84,3,60052,
0,59003447,7,1226,3,90000,2,11,-1,106,5,450089,
0,59005860,4,1256,1,68000,2,8,5,105,3,350058,
0,54986049,7,1268,1,379000,2,11,-1,108,5,151304,
0,54986687,7,1341.5,3,112000,2,11,8,83,5,60090,
0,58985236,5,1265,3,135000,2,15,5,100,5,151300,
1,58995950,7,1218.5,1,101000,2,11,3,101,3,350100,
0,58985870,5,1257.5,3,95000,2,15,5,93,5,60036,
0,54988306,7,,2,102000,2,11,5,101,5,450027,
0,54985355,7,1341.5,3,183000,2,11,5,78,5,151300,
0,54983198,5,1230.5,3,78000,2,15,5,85,5,72000,
1,54990623,4,,2,44000,2,8,5,89,3,72000,
0,59002542,5,1257.5,3,35000,2,15,5,100,5,60036,
0,54988718,7,1292,1,130000,2,11,5,108,3,60040,
0,58998715,4,1376,3,77000,2,8,9,113,5,151300,
0,59000887,4,1227.5,3,50000,2,8,5,100,3,60027,
0,59001300,4,1241,3,52000,2,8,5,110,4,151011,
0,58988028,5,1287.5,1,126000,2,15,5,107,3,350071,
0,59001565,4,1302.5,3,143000,2,8,5,75,5,60014,
0,54987865,7,1313,,,,,,,,60002,
0,58984737,5,1292,3,130000,2,15,2,111,4,71000,
0,59002836,7,1263.5,3,120000,2,11,9,86,5,151300,
0,58996551,7,1308.5,1,442000,2,11,9,106,4,151011,
0,58988646,7,1265,3,118000,2,11,5,106,5,450080,
0,54989050,4,1163,3,42000,2,8,10,113,4,151300,
1,58997773,4,,2,45000,2,8,5,111,4,151300,
0,58991432,7,,2,117000,2,11,-1,87,3,332720,
1,54984386,5,1245.5,3,81000,2,15,5,80,5,60004,
0,54988080,7,1253,3,72000,2,11,9,112,3,330008,
0,59004100,4,1299.5,3,35000,2,8,5,111,3,60029,
0,59004930,4,1212.5,3,73000,2,8,5,85,3,72001,
0,58982563,5,1356.5,3,198000,2,15,5,90,5,71000,
0,54990557,4,1298,1,124000,2,8,5,89,3,151009,
0,54983200,5,1287.5,3,102000,2,15,5,112,5,60062,
0,54990031,4,1275.5,3,90000,1,8,5,103,5,72049,
1,58996172,7,1293.5,1,87000,2,11,5,113,3,450080,
0,54985432,7,1260.5,3,115000,2,11,5,85,5,60084,
0,58997555,4,1266.5,3,207000,2,9,5,100,1,71002,
0,58986294,5,1286,1,99000,2,15,-1,87,5,60000,
0,54985261,7,1353.5,1,187000,2,11,-1,114,5,340018,
1,58983500,5,,2,45000,2,15,9,113,4,72000,
0,58984900,5,1191.5,3,53000,2,15,5,114,4,72000,
0,54987017,7,1241,3,54000,1,11,5,99,5,72003,
0,58990826,7,,2,118000,2,11,9,107,5,72000,
1,58989592,7,1305.5,1,87000,2,11,-1,114,4,72000,
0,58986188,5,1314.5,1,119000,2,15,-1,75,5,450063,
0,58997607,4,1268,1,118000,2,8,-1,95,3,330006,
0,59005490,4,1287.5,1,110000,2,8,5,89,5,72049,
0,58992082,7,1296.5,1,76000,2,11,10,113,4,72001,
0,54986028,7,1290.5,3,116000,2,11,5,85,5,151300,
1,58993253,7,1328,1,127000,2,11,-1,112,4,60043,
0,58987165,5,1317.5,1,89000,2,15,9,114,4,450080,
0,58993081,7,1215.5,3,35000,2,11,9,113,4,60038,
0,58989270,7,1362.5,1,150000,2,11,-1,90,5,350020,
0,59004226,4,,2,38000,2,8,9,109,4,60028,
0,58984371,5,1263.5,3,126000,2,15,5,113,4,72000,
0,58990002,7,1277,3,101000,2,11,9,106,4,450050,
0,58994284,7,1214,3,81000,2,11,9,114,4,450012,
0,58983376,5,1272.5,3,49000,2,15,-1,86,5,330004,
0,59003524,4,1322,1,87000,2,8,5,90,4,151300,
0,59000414,4,1356.5,1,220000,2,8,5,107,4,151011,
0,54990550,4,1313,3,338000,2,8,5,90,5,60004,
0,59002145,4,1358,3,162000,2,8,5,110,4,72001,
0,54983229,5,1310,3,270000,2,15,5,115,4,60019,
0,59003330,4,1260.5,3,110000,2,8,5,109,4,151300,
0,54984987,5,1296.5,1,130000,2,15,5,110,3,361039,
0,54986472,7,1250,3,82000,2,11,5,105,5,72000,
0,58994630,7,1226,3,61000,2,11,9,105,3,151300,
0,58998147,4,1296.5,3,94000,2,8,9,114,4,60058,
0,58994981,7,,2,72000,2,11,5,109,3,60019,
0,54987053,7,1245.5,3,58000,2,11,5,85,5,60024,
0,54985643,7,,3,203000,2,11,-1,107,4,450012,
1,54988283,7,,2,70000,2,11,9,110,4,151304,
1,54986538,7,1223,3,55000,2,11,5,89,5,60069,
0,54985621,7,1338.5,3,162000,2,11,5,108,5,151300,
0,58989576,7,1272.5,3,119000,2,11,5,82,5,60068,
1,58990902,7,1215.5,3,58000,2,11,5,96,5,60033,
0,58990187,7,1364,3,260000,2,11,5,96,5,60007,
1,59001975,4,1179.5,3,49000,1,8,5,105,5,60032,
1,58999754,4,1310,3,88000,2,8,5,100,5,60005,
0,58994117,7,1323.5,1,122000,2,11,5,86,3,151300,
1,59001900,4,1256,3,180000,2,8,5,105,5,60018,
1,58984653,5,,2,44000,2,15,5,111,5,151300,
0,58987232,5,,3,71000,2,15,-1,90,4,450000,
0,58986183,5,,2,72000,2,15,5,114,5,350050,
0,59006139,6,1241,1,74000,2,6,-1,105,3,60027,
0,58994409,7,1227.5,3,67000,2,11,5,85,5,151009,
1,58995436,7,1256,3,96000,2,11,5,102,3,72000,
1,59002628,4,1218.5,3,48000,2,8,5,90,5,72001,
0,58990626,7,1227.5,3,250000,2,11,9,100,5,60054,
0,58986997,5,1316,3,141000,2,15,5,99,4,550004,
0,58982507,5,1449.5,3,90000,2,15,5,107,4,60091,
1,59002472,7,1245.5,3,65000,1,11,5,109,5,151300,
1,54983232,5,1230.5,3,72000,2,15,9,113,4,151304,
0,58997719,4,1223,3,63000,2,8,5,91,5,60095,
1,59001617,4,1304,3,35000,2,8,5,110,4,72000,
0,58998223,4,1241,3,50000,2,8,9,105,3,72000,
0,54988666,7,1262,1,94000,2,11,5,89,3,60018,
0,54991404,4,1278.5,1,201000,2,8,5,102,5,72000,
0,58982423,2,1407.5,1,153000,2,3,9,112,5,151309,
0,58989777,7,1274,1,240000,2,11,-1,104,5,350100,
1,59000101,4,1223,3,50000,2,8,5,110,4,72000,
0,54988259,7,1218.5,3,67000,1,11,5,114,4,72000,
1,54983809,5,1299.5,3,30000,2,15,5,100,5,350059,
0,58989278,7,1278.5,3,114000,2,11,9,112,1,60010,
0,58987186,5,1230.5,3,61000,2,15,5,109,4,60020,
1,58999712,4,,2,63000,2,8,5,111,5,60000,
0,58998988,4,1239.5,3,103000,2,8,5,103,5,60036,
0,58996773,7,1214,3,74000,2,11,5,110,4,60058,
0,54991294,4,1256,3,101000,2,8,9,110,5,60084,
0,54990417,4,1239.5,3,65000,2,8,5,92,5,151300,
0,54986797,7,1254.5,3,81000,2,11,5,110,5,60057,
0,58997216,7,1340,1,296000,2,11,5,110,5,72000,
0,58987530,5,1304,1,146000,2,15,5,90,3,350008,
0,54986125,7,1266.5,1,111000,2,11,-1,79,5,60026,
1,58985005,5,1316,3,48000,2,15,5,114,4,450033,
0,54987215,7,1296.5,3,136000,2,11,5,115,4,71002,
0,58996654,7,1340,1,80000,2,11,5,110,4,71002,
1,58997183,7,1272.5,1,50000,1,11,-1,107,3,60085,
1,59001375,4,1305.5,3,65000,2,8,9,80,5,60041,
0,54990272,4,1230.5,3,85000,2,8,5,86,5,72000,
1,58991085,7,,2,93000,2,11,5,108,5,60000,
0,58988942,7,1325,1,80000,2,12,-1,82,3,60026,
1,54989207,4,,2,49000,1,8,2,114,4,71000,
0,58985578,5,1311.5,3,115000,2,15,9,88,5,60014,
1,54988051,7,1266.5,1,103000,2,11,5,89,5,60061,
0,59004571,4,1241,1,115000,2,8,5,105,3,151300,
0,58982587,5,1289,3,74000,1,15,5,109,5,60088,
1,54984134,5,1230.5,3,35000,2,15,5,112,5,60057,
0,54983411,5,,3,35000,2,15,9,113,4,72000,
0,58983482,5,1367,3,127000,2,15,5,101,5,60054,
0,54992564,7,1350.5,3,130000,1,11,5,97,5,60016,
0,54985110,7,1206.5,3,66000,2,11,5,104,5,60000,
0,54991585,4,1271,3,120000,2,8,5,89,3,60001,
1,59003280,4,1241,3,68000,2,8,5,102,4,60020,
0,58997314,4,1406,1,208000,2,8,-1,112,5,340001,
0,58994376,7,1443.5,3,162000,2,11,9,110,5,72014,
0,54986165,7,1308.5,1,110000,2,11,5,108,4,60004,
0,54986113,7,1343,1,157000,2,11,-1,103,5,72000,
0,59003191,4,1278.5,3,97000,2,8,5,100,3,72015,
0,58988853,7,1290.5,3,116000,1,11,5,109,4,60062,
0,58994395,7,1281.5,3,99000,2,11,9,114,5,60052,
0,58996507,7,1214,3,58000,2,11,9,103,4,60091,
0,58987276,5,,3,50000,2,15,9,110,5,450080,
1,54988520,7,1227.5,3,90000,1,11,5,100,3,60040,
0,59001486,4,1295,1,30000,2,8,-1,93,5,350052,
0,54991474,4,1256,1,129000,2,8,9,110,5,60042,
0,58983868,5,1304,3,150000,2,15,5,105,5,550107,
0,59004748,4,,2,105000,2,8,5,109,3,60014,
1,54991108,4,1269.5,1,210000,2,8,-1,84,3,330012,
0,54991470,4,1338.5,1,150000,2,8,5,110,5,60029,
0,54991497,4,1347.5,1,138000,2,8,5,102,5,60013,
0,58991640,7,1310,1,140000,2,11,5,90,5,60002,
0,59000580,4,1244,3,116000,2,8,5,111,4,60002,
1,54984634,5,,3,111000,2,15,5,99,3,350075,
0,59000958,4,1262,1,360000,2,8,-1,113,4,151300,
0,58994712,7,1287.5,1,135000,2,11,5,109,4,72000,
0,58990727,7,1469,3,103000,2,11,5,71,5,60092,
0,59005598,4,,2,108000,2,8,-1,108,3,340000,
0,58998925,4,1311.5,3,150000,2,8,9,83,5,60052,
0,58994035,7,1302.5,1,110000,2,11,5,108,4,151002,
1,54988154,7,,2,56000,2,11,5,113,3,366001,
0,59004290,4,1257.5,3,113000,2,8,5,100,5,60014,
0,54984577,5,1311.5,1,91000,1,15,7,113,4,151306,
0,59002087,4,1287.5,3,127000,2,8,5,111,3,60059,
0,54988464,7,,2,255000,2,11,5,99,3,60058,
1,58994429,7,1295,3,73000,2,11,5,100,5,350076,
0,54986325,7,1247,3,110000,2,11,5,91,4,60007,
0,54991827,4,1343,1,128000,2,8,-1,107,5,361022,
0,54985569,7,1280,1,93000,2,11,-1,110,4,550000,
0,58989402,7,1325,1,195000,2,11,5,109,5,350703,
0,58993180,7,1286,1,110000,2,11,5,112,5,60033,
1,58989748,7,1200.5,3,110000,2,11,5,113,4,60034,
0,58982401,7,1322,3,133000,2,11,9,99,3,350609,
1,54991492,4,1256,1,120000,2,8,5,99,4,151000,
0,58991938,7,1289,1,97000,2,11,9,110,3,72008,
1,58989705,7,1311.5,3,105000,2,11,9,88,5,60043,
0,58991751,7,1308.5,3,123000,2,11,5,100,4,60014,
0,58995860,7,1362.5,3,93000,2,11,5,115,4,151300,
0,59005871,4,1356.5,1,136000,2,8,5,74,3,72000,
0,58997904,4,1277,3,135000,2,8,5,84,5,60091,
1,58998275,4,1239.5,3,30000,2,8,5,100,5,350017,
0,54988608,7,1214,3,60000,2,11,9,108,4,151300,
0,54985058,7,1266.5,3,227000,2,11,9,112,4,151300,
1,58994767,7,1377.5,1,55000,2,11,5,114,3,151009,
1,54986146,7,1358,1,121000,2,11,5,112,4,151300,
0,54991090,4,1379,3,489000,2,8,9,99,5,72001,
0,54987233,7,1371.5,3,121000,2,11,9,85,3,60004,
1,58992044,7,1365.5,1,130000,2,11,-1,100,3,341439,
0,58992510,7,1271,3,85000,1,11,9,100,4,60052,
0,54984476,5,1259,3,80000,2,15,5,112,3,350000,
0,54984616,5,,2,102000,2,15,5,104,3,350055,
0,58991820,7,1274,3,183000,2,11,9,77,3,510084,
0,54991473,4,,2,120000,2,8,5,105,3,60050,
0,58987349,5,1248.5,3,106000,2,15,5,85,3,151300,
0,58995117,7,1268,3,111000,2,11,5,100,3,151010,
0,58996069,7,1233.5,3,62000,2,11,3,88,3,450194,
1,54985234,7,1214,3,66000,2,11,5,82,3,60019,
0,58986587,5,1241,3,54000,2,15,5,112,4,151300,
1,58983909,5,1262,3,130000,2,15,5,100,5,151304,
1,59004658,4,1257.5,3,105000,2,8,5,73,3,151009,
0,54984524,5,1350.5,1,155000,2,15,8,104,5,60004,
0,58999145,4,1262,3,185000,2,8,5,105,5,151300,
0,58983108,5,1415,3,169000,2,15,5,81,5,72000,
0,59000942,4,1268,3,149000,2,8,5,106,3,72001,
0,59005266,4,1266.5,1,99000,2,8,5,86,3,72002,
0,58995451,7,1248.5,3,60000,2,11,5,90,3,60074,
0,54988209,7,1305.5,3,93000,1,11,3,104,3,60032,
0,58999019,4,1322,3,199000,2,8,5,111,4,72000,
1,58994016,7,1310,1,186000,2,11,-1,112,3,340019,
0,58992627,7,1305.5,1,50000,2,12,-1,113,3,350061,
0,58988822,7,1251.5,3,240000,2,11,5,85,3,151300,
0,58986566,5,1320.5,3,150000,2,15,9,108,5,361028,
0,58990308,7,1307,3,195000,2,11,9,95,5,72003,
0,58987368,5,1220,3,64000,2,15,5,114,4,60033,
1,58997724,4,1313,3,134000,2,8,5,104,3,60054,
0,59002317,4,1266.5,3,87000,2,8,-1,98,5,361029,
0,58985063,5,1215.5,3,94000,2,15,-1,86,5,550088,
0,58987035,5,1413.5,1,204000,2,15,9,107,5,350002,
0,54982530,5,1272.5,3,120000,1,15,5,110,5,72000,
0,54985173,7,1245.5,3,68000,2,11,5,111,4,60091,
0,58990258,7,,2,69000,1,11,5,106,4,60064,
0,58983905,5,1257.5,3,91000,2,15,5,94,5,60043,
0,54982579,5,1338.5,3,325000,2,15,5,110,5,60033,
0,58996120,7,1211,3,66000,2,11,5,101,4,60015,
0,54983934,5,1223,3,54000,2,15,-1,112,4,450018,
0,54985197,7,1191.5,3,70000,2,11,9,107,5,450032,
1,58996391,7,1386.5,1,165000,2,11,-1,100,3,350098,
0,54989545,4,1326.5,3,140000,2,8,5,100,5,60013,
0,59001951,4,1287.5,1,112000,2,8,5,90,3,330015,
1,54984182,5,1281.5,3,144000,2,15,5,68,1,60057,
0,58994468,7,1283,3,100000,2,11,5,95,3,332444,
0,58999963,4,1229,3,62000,2,8,5,84,5,60019,
1,58990611,7,,3,79000,2,11,-1,112,4,72000,
0,54982998,5,1284.5,3,132000,2,15,9,109,5,151009,
1,58991618,7,1257.5,1,98000,2,11,-1,101,3,60075,
0,54986288,7,1278.5,1,105000,2,11,-1,112,4,450002,
0,58989333,7,1305.5,3,111000,2,11,9,113,4,72015,
1,58990136,7,1250,3,94000,2,11,5,113,4,71000,
0,58988263,5,1316,1,202000,2,15,5,105,5,450054,
0,58994224,7,1274,1,328000,2,11,-1,82,5,450000,
0,58998583,4,1310,3,129000,1,8,5,100,5,151300,
1,54985358,7,,2,97000,2,11,5,76,5,72000,
1,58993137,7,1205,3,63000,2,11,5,106,3,151300,
0,58991395,7,1299.5,1,87000,2,11,5,85,5,151300,
0,54990536,4,1241,3,35000,2,8,5,99,5,60084,
0,58986069,5,1322,3,195000,2,15,9,95,5,60000,
0,54983694,5,1329.5,3,195000,2,15,5,64,5,60065,
0,59001175,4,1292,1,117000,2,8,5,99,5,60052,
1,59002037,4,1292,1,115000,2,8,5,114,5,350060,
0,54988879,4,1223,3,68000,2,8,-1,112,5,340014,
0,54986055,7,1238,3,66000,2,11,5,79,3,450017,
1,54988522,7,1214,3,58000,2,11,5,110,4,151300,
0,59005413,4,1226,3,73000,1,8,5,104,5,60058,
0,59005683,4,,2,75000,2,8,-1,107,3,151300,
0,54989353,4,1260.5,3,143000,2,8,9,110,4,60016,
0,59001626,4,1400,3,383000,1,8,5,100,5,60024,
1,54991086,4,1289,1,143000,2,8,5,70,5,60091,
0,59003950,4,1263.5,1,102000,2,8,9,103,3,60024,
0,58986950,5,1308.5,3,131000,1,15,5,110,5,72000,
0,59003138,4,,2,45000,2,8,9,114,4,60064,
0,58992009,7,1290.5,3,273000,2,11,9,113,3,60063,
0,58989298,7,1364,3,106000,2,11,5,86,3,510003,
0,59002940,4,1259,3,75000,2,8,5,89,5,151000,
0,54983292,5,,2,114000,2,15,5,110,4,72049,
0,58991228,7,,2,128000,2,11,9,111,4,151300,
0,54985241,7,1275.5,3,90000,2,11,5,110,4,450015,
1,58985805,5,1241,3,46000,2,15,5,80,5,350092,
0,58994299,7,1340,1,99000,2,11,-1,85,5,350069,
1,58993220,7,1344.5,3,137000,2,11,5,101,5,72000,
1,54984903,5,1371.5,3,83000,2,15,5,95,3,350704,
0,54988329,7,1215.5,3,67000,2,11,5,95,3,151306,
0,58986218,5,1191.5,3,61000,2,15,-1,111,4,72001,
0,54986944,7,1266.5,1,109000,2,11,3,107,3,330021,
0,58999582,4,1214,3,63000,2,8,-1,85,3,330014,
0,54986508,7,1310,1,169000,2,11,5,109,4,60058,
0,59001818,4,1332.5,3,153000,2,8,5,112,4,72001,
0,54983623,5,1353.5,3,143000,2,15,5,110,4,60007,
0,58991914,7,1377.5,3,500000,2,11,2,89,5,350052,
1,58993131,7,,2,120000,2,11,5,101,5,72000,
0,58997104,7,1241,1,74000,2,11,5,105,3,72000,
0,58983893,5,1223,3,81000,2,15,9,112,4,60018,
0,54989180,4,1241,3,68000,2,8,5,107,5,72000,
0,58989048,7,1298,3,182000,2,11,5,100,5,60001,
0,58986443,5,1362.5,1,114000,2,15,-1,112,4,361005,
0,58991343,7,1358,3,500000,2,11,2,112,5,510000,
0,58999966,4,1271,3,118000,1,8,5,80,5,60017,
0,59005448,4,1232,3,100000,2,8,5,95,3,350012,
0,59003701,4,1322,1,35000,2,8,-1,111,5,151307,
0,58989779,7,1350.5,3,176000,2,11,9,102,3,151004,
0,54991614,4,1266.5,3,101000,2,8,9,101,4,60084,
0,54988970,4,1250,3,115000,2,8,9,112,4,151300,
0,54992094,4,1296.5,1,127000,2,8,5,107,3,60019,
0,58984421,5,1290.5,3,86000,2,15,5,93,5,60033,
0,54992137,4,,2,83000,2,8,5,110,3,71000,
1,58988337,5,1241,3,42000,2,15,-1,107,5,60004,
0,54986688,7,1319,3,177000,2,11,5,112,3,60042,
0,59001304,4,1250,3,120000,2,8,5,91,5,60064,
1,58995877,7,1277,3,132000,2,11,9,80,5,60016,
0,59000211,4,1313,1,135000,2,8,5,75,5,60064,
0,58982923,5,,2,58000,2,15,2,112,4,151300,
0,54985748,7,1317.5,3,264000,2,11,5,83,5,72000,
0,59000320,4,1214,3,62000,2,8,9,114,4,151300,
0,58986723,7,1322,3,195000,1,11,5,104,5,71000,
0,54984201,5,1250,3,79000,2,15,5,110,4,72001,
1,54986064,7,1281.5,1,173000,2,11,-1,106,5,72000,
0,58993563,7,1239.5,1,78000,2,11,-1,97,3,371301,
0,58984589,5,1232,3,89000,2,15,9,112,4,72000,
0,58989171,7,1289,3,305000,1,11,5,110,5,60033,
0,58993422,7,1281.5,3,84000,2,11,5,113,4,60091,
0,59004328,4,1214,3,99000,2,8,5,84,3,60017,
1,58997157,7,,2,91000,2,11,-1,105,3,60074,
0,59004333,4,1299.5,1,157000,2,8,5,113,3,151300,
1,58999328,4,,2,94000,2,8,-1,109,5,340006,
0,58987402,5,1241,3,62000,2,15,9,95,4,60023,
0,58984182,5,1286,3,92000,1,15,5,81,3,60018,
0,58985868,5,1218.5,3,215000,2,15,5,82,5,60016,
0,54989370,4,1293.5,3,201000,2,8,9,113,5,72049,
0,59004304,4,1227.5,1,150000,2,8,5,78,3,72000,
1,59001676,4,1287.5,3,120000,2,8,9,114,5,60059,
0,59006239,7,1322,3,68000,2,11,5,86,3,72015,
1,54985192,7,1230.5,3,72000,2,11,5,85,5,60069,
0,58982511,5,,2,160000,2,15,-1,85,5,450043,
0,54988388,7,1335.5,1,71000,2,11,9,110,4,72000,
0,58984757,5,1223,3,56000,2,15,5,112,4,151300,
0,58982376,1,1410.5,1,300000,2,4,-1,64,5,340009,
1,59001607,4,1187,3,100000,2,8,5,102,3,60017,
0,54989322,4,,2,54000,2,8,5,89,5,72016,
1,58989236,7,1268,3,90000,2,11,5,86,5,71002,
0,58995803,7,1266.5,3,74000,2,11,5,105,4,60054,
0,58993153,7,1227.5,3,68000,2,11,5,114,3,345009,
0,58988432,7,1289,1,139000,2,11,-1,114,4,450033,
0,58992134,7,1235,1,114000,2,11,-1,85,5,450088,
0,59003723,4,,2,81000,2,8,5,110,3,72014,
1,59004885,4,1272.5,1,141000,2,8,5,110,3,151300,
0,54982913,5,1287.5,3,163000,2,15,5,90,5,72014,
0,54987336,7,1308.5,3,194000,2,11,5,105,4,60051,
0,54985214,7,1349,1,193000,2,11,5,100,5,350063,
0,58986623,5,1278.5,1,98000,2,15,-1,82,5,450033,
0,58984708,5,1481,3,101000,2,15,5,100,5,60091,
1,58991614,7,1230.5,3,64000,2,11,3,82,5,60058,
0,58984128,5,1404.5,1,150000,2,15,9,100,5,71002,
0,58982672,5,1239.5,3,58000,2,15,5,107,5,60017,
0,58984798,5,1299.5,3,273000,2,15,2,108,5,72000,
0,58988044,5,1241,3,66000,2,15,9,115,3,350077,
0,58984972,5,1269.5,3,124000,2,15,5,112,4,60033,
0,54985180,7,1215.5,3,63000,1,11,5,100,5,71000,
0,58986444,5,1319,3,15000,2,15,5,114,3,450069,
0,59005128,4,1250,1,84000,1,8,5,100,3,60019,
0,58993212,7,1323.5,1,117000,2,11,9,112,4,550001,
0,58982397,1,1293.5,1,500000,2,4,9,105,5,650005,
0,58994911,7,1250,3,60000,2,11,5,114,4,72001,
0,54989286,4,1269.5,3,162000,2,8,9,81,5,60019,
0,58992588,7,1287.5,3,144000,2,11,5,114,4,72000,
0,54985929,7,,2,73000,2,11,9,114,4,361000,
0,54983046,5,1314.5,3,117000,2,15,5,109,5,60018,
0,59005254,4,1314.5,1,89000,2,8,-1,100,5,60017,
0,59003613,4,,2,81000,1,8,9,100,5,72000,
0,58991271,7,1314.5,1,150000,1,11,-1,115,5,72000,
0,58985654,5,1214,3,114000,2,15,5,90,5,60091,
0,58999945,4,1194.5,3,63000,2,8,9,105,4,72001,
0,58990734,7,1278.5,1,88000,2,11,-1,89,5,60001,
1,58989082,7,1299.5,3,64000,2,11,5,110,4,510090,
1,54990614,4,1389.5,1,186000,2,8,9,110,3,60014,
0,58985486,5,1298,3,149000,2,15,5,112,5,510069,
0,58986657,5,1322,3,71000,2,15,5,114,4,510034,
0,54991669,4,,2,41000,2,8,5,110,3,60036,
0,54985862,7,1292,3,163000,2,11,5,109,5,60016,
0,58985599,5,1305.5,3,129000,2,15,5,95,3,60061,
0,58988787,7,,2,83000,2,11,9,85,5,72000,
0,58984475,5,,3,154000,2,15,5,110,5,60036,
0,59002389,4,,2,105000,1,8,5,99,5,151300,
1,54983144,5,1214,3,58000,2,15,5,112,4,72000,
0,54988391,7,1203.5,3,71000,2,11,5,110,3,151300,
0,58997686,4,1250,1,87000,2,8,5,105,5,60069,
0,59003717,4,,2,86000,2,8,5,114,5,151300,
0,59001751,4,1346,1,102000,2,8,-1,100,5,60095,
0,59000851,4,1302.5,3,410000,2,8,9,84,5,60018,
0,59001171,4,1200.5,3,69000,2,8,5,104,5,60064,
0,58997757,4,,2,71000,2,8,9,90,5,72015,
0,58990649,7,1223,3,78000,2,11,-1,75,5,450007,
0,54987088,7,,2,74000,2,11,9,85,5,60073,
0,58985198,5,1307,3,166000,2,15,5,88,5,60065,
0,58998105,4,1287.5,3,206000,2,8,9,102,3,72000,
0,59000044,7,,2,51000,2,11,5,112,4,72015,
0,58997876,4,1364,3,194000,2,8,5,110,5,151004,
0,58988360,5,,2,35000,2,15,5,114,4,60069,
0,58999718,4,1308.5,3,312000,2,8,8,89,5,60014,
0,54988000,7,,2,180000,2,11,5,114,3,72001,
0,54983721,5,1475,3,96000,2,15,9,110,5,72001,
0,58992482,7,,2,51000,2,11,5,110,4,550013,
0,54985215,7,1206.5,3,76000,2,11,5,108,4,72000,
0,58998256,4,1280,3,89000,2,8,5,85,3,151300,
0,54987227,7,1322,1,141000,2,11,5,84,3,60004,
1,58985900,5,,2,43000,2,15,9,111,5,361027,
0,54991626,4,,2,92000,2,8,-1,107,4,350052,
0,54987871,7,1226,3,64000,2,11,5,103,3,72000,
1,58992285,7,,2,56000,2,11,-1,93,3,72001,
1,58985589,5,1224.5,3,45000,2,15,5,81,5,450062,
0,58991066,7,1220,3,77000,2,11,5,94,5,72001,
1,59000868,4,1253,3,59000,2,8,-1,110,4,151300,
0,54985378,7,1203.5,3,76000,2,11,5,78,5,60005,
0,59004991,4,1232,1,68000,2,8,5,75,4,72001,
0,54987829,7,1320.5,1,102000,2,11,5,110,3,151300,
0,58992344,7,1296.5,3,80000,2,11,5,112,3,60069,
0,54990270,4,1308.5,3,144000,2,8,5,107,5,60016,
0,59006219,4,,2,111000,2,8,5,110,4,60091,
1,58990469,7,1239.5,3,73000,2,11,5,87,3,60090,
0,58985806,5,1326.5,3,133000,2,15,5,110,5,71000,
0,58988092,5,1269.5,1,114000,2,15,5,83,3,450058,
0,58990724,7,1278.5,3,71000,2,11,1,111,3,60019,
0,59000307,4,1337,3,410000,2,8,5,83,5,60091,
0,58990756,7,1329.5,3,114000,2,11,5,76,5,60040,
0,58984992,5,1250,3,78000,2,15,5,82,5,350092,
1,58986802,5,1241,3,61000,2,15,2,109,4,552104,
0,58984207,5,1305.5,3,91000,2,15,5,100,5,450003,
0,59000209,4,1317.5,1,183000,2,8,5,90,5,60019,
0,58997856,4,,2,65000,2,8,9,112,5,72001,
0,54982725,5,1332.5,3,325000,2,15,5,103,5,151009,
0,58988166,5,1361,1,101000,2,15,9,115,3,60052,
0,58998351,4,1328,3,488000,2,8,9,114,4,60057,
0,59003267,4,,2,68000,2,8,9,114,4,151300,
0,58984882,5,1290.5,1,106000,2,15,-1,112,3,450019,
0,59005841,4,1308.5,1,123000,2,8,5,84,3,151300,
0,58991638,7,1259,3,86000,2,11,5,88,5,72000,
0,58990576,7,,3,137000,2,11,-1,112,4,450080,
1,54989095,4,1230.5,3,79000,2,8,5,112,4,72015,
0,54985820,7,,3,100000,2,11,-1,110,5,450002,
0,58986339,5,1241,1,78000,2,15,-1,77,5,450033,
1,58987715,5,1289,1,35000,2,15,5,76,5,60063,
1,58998866,4,1287.5,3,126000,1,8,5,99,5,151000,
0,59003249,4,1269.5,3,113000,2,8,5,110,5,60091,
0,58999612,4,1220,3,140000,2,8,5,109,4,72010,
0,58990030,7,1326.5,3,96000,2,11,5,113,4,591001,
0,58991782,7,1229,3,50000,2,12,-1,103,3,350061,
0,54989873,4,1241,3,105000,2,8,5,114,4,72000,
1,54985730,7,1319,3,149000,2,11,9,112,5,350096,
1,58991594,7,1365.5,3,152000,1,11,5,84,5,60006,
0,58987213,5,1229,3,46000,2,15,-1,111,4,450071,
1,58997551,4,1305.5,3,130000,2,8,5,112,5,361047,
1,59000842,4,1214,3,50000,2,8,5,114,4,60043,
0,58991580,7,1251.5,3,103000,1,11,5,102,5,60095,
1,58995407,7,1316,1,64000,2,11,9,87,5,60079,
1,58992108,7,1241,3,56000,2,11,9,108,1,60013,
0,54983039,5,1233.5,3,82000,2,15,5,88,3,60014,
0,54984416,5,,2,35000,2,16,-1,93,5,335534,
1,58995303,7,1304,1,113000,2,11,9,112,4,350078,
0,54986826,7,1370,1,142000,2,11,9,113,4,72014,
0,58989819,7,1299.5,3,500000,2,11,5,112,4,72000,
0,58989720,7,1280,3,156000,1,11,5,96,5,72000,
0,58988902,7,1287.5,3,164000,2,11,5,100,5,60026,
0,54987715,7,,2,76000,2,11,-1,92,5,60000,
0,58999208,4,1331,3,341000,2,8,9,114,5,72001,
0,59000497,4,1257.5,3,88000,2,8,5,101,3,60018,
1,59002105,4,1277,3,91000,2,8,5,114,4,72000,
0,59005880,4,1241,1,86000,1,8,5,104,3,72000,
0,54984727,5,1311.5,1,167000,2,15,5,85,5,60058,
0,54989455,4,1287.5,3,107000,2,8,9,114,4,60043,
0,58985847,5,,2,35000,2,16,-1,113,4,527000,
0,59005405,4,1299.5,1,139000,2,8,-1,95,5,72000,
0,58992325,7,1263.5,3,148000,2,11,5,90,5,60017,
0,59004662,4,1242.5,3,158000,2,8,5,113,4,72000,
0,58991759,7,1251.5,3,103000,2,11,9,108,4,60095,
0,58993948,7,1241,3,63000,2,11,5,112,4,60057,
0,58986716,5,1296.5,3,289000,2,15,5,95,5,450027,
0,58996500,7,1328,1,189000,2,11,9,85,5,60019,
0,54984766,5,1283,3,90000,2,15,5,112,4,510094,
1,54984047,5,1274,3,76000,2,15,5,89,5,60000,
0,54987381,7,1214,3,58000,2,11,5,112,3,450080,
0,58982371,1,,2,500000,2,5,-1,70,5,350020,
0,59000143,4,,2,47000,2,8,9,114,4,60000,
0,54989125,4,1373,3,369000,2,8,7,108,5,330005,
0,54983342,5,1323.5,3,220000,2,15,5,78,5,60002,
0,54989201,4,,2,98000,1,8,5,109,4,72050,
0,59005255,4,1305.5,1,128000,2,8,3,96,3,60042,
0,59004757,4,1278.5,1,103000,2,8,5,90,5,60074,
0,58991841,7,1286,3,260000,2,11,5,109,3,151300,
0,58988534,7,1223,3,63000,2,11,5,113,4,151300,
0,58988956,7,1148,3,106000,2,11,5,94,5,450071,
1,54991219,4,1334,3,35000,2,8,5,77,3,151000,
0,54984131,5,1244,3,57000,2,15,5,95,5,151300,
0,58998833,4,1316,3,107000,2,8,5,112,4,60006,
0,58983946,5,1338.5,3,107000,2,15,5,113,4,72000,
0,58992711,7,1305.5,3,84000,2,11,5,112,4,151306,
0,58996010,7,1275.5,3,136000,2,11,5,113,4,151304,
0,58995289,7,,2,50000,2,11,5,113,4,450080,
1,54986075,7,1245.5,3,81000,2,11,5,103,5,60014,
1,59005268,4,,2,67000,2,8,-1,100,5,60074,
1,54986851,7,,2,89000,2,11,9,80,5,72001,
0,59004946,4,1266.5,1,120000,1,8,5,109,4,60023,
0,59000930,4,1352,3,75000,2,8,9,105,5,151300,
0,58983073,5,1229,3,100000,2,15,5,102,5,60060,
0,58985964,5,1212.5,3,67000,2,15,9,110,5,60083,
0,54988984,4,1214,3,99000,2,8,5,112,4,72000,
0,54985745,7,1224.5,3,312000,2,11,9,99,5,60084,
0,58991389,7,1365.5,3,84000,2,11,5,100,3,60023,
0,58994781,7,1287.5,3,133000,2,11,5,91,3,151300,
1,54988117,7,1346,1,148000,2,11,5,105,3,350000,
0,54988422,7,1289,1,144000,2,11,5,100,3,71000,
0,54992357,4,1257.5,3,81000,2,8,8,107,4,72001,
0,58986298,5,,2,116000,2,15,5,110,4,510037,
0,54989513,4,1304,1,257000,2,8,5,75,5,72000,
0,58993039,7,1286,1,86000,2,11,-1,95,5,72000,
0,58988933,7,1277,3,50000,2,11,5,103,5,151301,
0,58990200,7,1268,3,101000,2,11,4,108,5,450032,
0,58990836,7,1244,3,130000,2,11,5,98,5,450054,
1,59003724,4,1332.5,1,106000,2,8,5,100,3,60033,
0,58996294,7,1239.5,1,110000,2,11,5,80,3,60064,
0,58985356,5,1251.5,3,124000,2,15,9,112,4,60091,
0,58982583,5,1278.5,3,143000,2,15,5,111,5,60017,
1,54985691,7,1241,3,71000,2,11,-1,80,5,450071,
0,58996802,7,1292,1,132000,2,11,5,64,3,60018,
0,59001188,4,,2,69000,2,8,-1,112,4,60048,
0,58989709,7,1352,3,71000,2,11,5,104,5,60093,
0,58985684,5,1239.5,3,68000,2,15,5,100,5,60054,
1,54986948,7,1353.5,1,173000,2,11,5,65,5,350018,
0,59003649,4,1386.5,1,87000,2,8,5,105,4,60008,
0,58987924,5,1236.5,1,104000,2,15,3,112,3,550016,
0,59002731,4,1241,3,30000,2,8,9,114,3,151300,
0,58990236,7,1335.5,3,546000,2,11,3,80,5,330008,
0,58983845,5,,2,62000,1,15,5,111,4,151300,
0,59000129,4,1356.5,3,143000,2,8,5,107,5,60054,
0,58992592,7,1250,1,121000,2,11,-1,112,4,350091,
0,59000502,4,1323.5,1,127000,2,8,5,109,4,60077,
0,54992408,4,1314.5,1,53000,2,8,5,103,5,151300,
0,58998624,4,1304,3,129000,2,8,5,111,4,60001,
0,54983279,5,,2,89000,2,15,2,87,3,60036,
0,59001932,4,1238,3,104000,2,8,5,109,3,60047,
1,58982776,5,1164.5,3,35000,2,15,5,67,5,60082,
1,58992419,7,1382,3,115000,2,11,5,100,5,60058,
0,54988645,7,1350.5,1,235000,2,11,5,113,3,350704,
0,54984070,5,,2,83000,2,15,5,111,3,151300,
0,54987807,7,1227.5,3,64000,2,11,5,76,3,60005,
0,58989774,7,1281.5,1,80000,2,12,-1,111,5,60019,
0,59004203,4,1250,3,103000,2,8,9,104,5,60071,
0,54988630,7,1329.5,1,115000,2,11,-1,86,3,341349,
0,54991321,4,,2,38000,2,8,5,114,3,60014,
0,59002318,4,1224.5,3,59000,2,8,5,80,3,60044,
1,58986727,5,1214,3,68000,2,15,5,92,3,550044,
0,58990951,7,1379,3,144000,2,11,5,113,4,151008,
0,58994773,7,1257.5,3,80000,2,11,5,103,5,60047,
0,59002945,4,1260.5,3,74000,2,8,5,113,4,151300,
0,58983813,5,1292,3,172000,2,15,8,113,5,350092,
0,54984774,5,1278.5,3,35000,2,15,5,80,5,60005,
0,54984388,5,1275.5,3,112000,2,15,5,85,5,340022,
0,58999668,4,1290.5,3,130000,2,8,9,114,4,60053,
0,54988132,7,1314.5,1,127000,2,11,9,110,3,60008,
0,58983048,5,1341.5,3,66000,2,15,4,73,5,450083,
0,59002841,4,,2,113000,2,8,9,93,5,72001,
0,54989291,4,1322,3,146000,2,8,9,100,5,72000,
0,58993461,7,,3,50000,2,12,-1,114,4,335534,
0,59005303,4,1310,1,167000,2,8,9,105,3,151300,
0,54986067,7,1271,3,137000,2,11,5,68,5,60008,
0,59005680,4,1274,1,93000,1,8,5,100,3,60019,
0,58999012,4,1166,3,176000,2,8,5,87,5,60094,
0,58991182,7,1244,3,84000,2,11,5,108,4,72000,
0,54984211,5,1311.5,3,134000,2,15,5,113,5,60015,
0,58997112,7,1202,3,63000,2,11,-1,112,4,60057,
0,54991742,4,1245.5,3,50000,2,8,5,88,3,340017,
1,58986996,5,1250,3,50000,2,15,5,84,5,350702,
0,54984235,5,1365.5,3,77000,2,15,5,109,4,60084,
0,54988125,7,1305.5,1,136000,2,11,-1,105,4,60061,
1,58984645,5,1244,3,30000,2,15,5,100,5,60014,
0,59002775,4,1301,3,144000,2,8,9,113,4,60001,
1,58994744,,,,,,,,,,72412,
0,58994048,,,,,,,,,,60027,
0,54986045,,,,,,,,,,60015,
0,54983601,5,1241,3,35000,2,15,5,104,5,151300,
0,58993583,7,1338.5,1,156000,2,11,-1,69,5,151300,
,58991753,7,1287.5,1,119000,2,11,5,85,5,60031,
0,59004489,4,1262,3,155000,2,8,5,110,4,72001,
0,58991029,7,1328,1,105000,2,11,-1,109,4,60095,
1,58992006,7,1272.5,3,50000,2,11,7,115,4,60007,
0,58995283,7,1229,1,170000,1,11,5,91,3,550115,
0,54987316,7,1257.5,3,107000,2,11,5,113,4,450071,
0,54988624,7,1274,1,120000,2,11,5,84,5,151300,
,59002619,4,1223,3,100000,2,8,9,114,4,60000,
0,54990339,4,1305.5,1,90000,2,8,5,93,5,60085,
1,58994856,7,1215.5,3,60000,2,11,-1,112,4,450081,
0,54992395,4,,2,91000,2,8,-1,107,3,60018,
0,58989600,7,1293.5,3,149000,2,11,9,84,5,151300,
0,58998658,4,1311.5,1,169000,2,8,-1,112,5,72000,
0,58987491,5,1241,3,84000,2,15,5,87,3,60074,
0,58998706,4,,2,90000,2,8,5,79,5,72001,
0,58988855,7,1328,3,163000,2,11,9,79,5,60062,
0,58997329,4,,2,65000,2,8,5,112,4,60015,
,58987200,5,,2,126000,2,15,9,83,5,450058,
0,58984430,5,1316,3,147000,2,15,9,105,5,361029,
0,54982727,5,1305.5,3,157000,2,15,9,111,5,71000,
0,58997840,4,,2,90000,2,8,5,113,4,151307,
0,58992450,7,,2,78000,2,11,9,84,3,60031,
0,58983266,5,1209.5,3,35000,2,15,5,78,5,71000,
0,54988258,7,1320.5,1,119000,2,11,5,96,3,60043,
0,59004394,4,1292,3,187000,2,8,-1,114,4,60019,
0,58991802,7,1326.5,1,141000,2,11,-1,67,5,60007,
0,54989871,4,1380.5,3,270000,2,8,5,64,5,60023,
0,54986764,7,1304,1,111000,2,11,9,113,4,151300,
0,54986705,7,1233.5,3,56000,2,11,5,80,5,60052,
0,58991922,7,1365.5,1,150000,2,12,-1,110,5,350012,
1,58985795,5,1389.5,3,38000,2,15,5,109,5,450015,
0,58989550,7,1283,3,67000,2,11,5,114,4,60026,
1,59005543,4,1302.5,1,239000,1,8,5,100,3,60043,
1,58989781,7,1241,1,70000,2,11,-1,106,4,450032,
0,54991368,4,1271,3,99000,2,8,5,114,4,151300,
1,54987636,7,1214,3,59000,2,11,5,84,3,72001,
0,58985909,5,1256,3,128000,2,15,5,114,4,510065,
0,58983160,5,1364,3,134000,2,15,5,83,5,72000,
0,54990275,4,,2,94000,2,8,9,81,5,71000,
1,59003268,4,1281.5,3,95000,1,8,5,93,5,60047,
0,58997888,4,1352,3,175000,2,8,9,105,5,60004,
0,59001107,4,1272.5,3,180000,2,8,5,110,4,60091,
0,58996112,7,1248.5,3,76000,2,11,5,95,3,72000,
0,58992849,7,1380.5,3,271000,2,11,9,81,5,60027,
1,59003507,4,1278.5,3,101000,2,8,5,112,4,72000,
0,58989284,7,1248.5,3,146000,2,11,10,105,5,350704,
0,58995726,7,1290.5,1,161000,2,11,5,109,3,151300,
,58999971,4,1320.5,1,128000,2,8,-1,112,5,341774,
0,59000105,4,1293.5,3,35000,2,8,5,105,5,350071,
0,58995231,7,1374.5,1,400000,2,12,-1,104,5,60000,
0,59006193,7,1268,3,162000,2,11,5,113,4,450081,
0,58984749,5,1205,3,94000,2,15,5,103,1,60000,
0,54984830,5,1316,3,15000,2,15,5,114,4,510036,
0,58987900,5,1248.5,1,81000,2,15,9,79,3,450033,
0,54982916,5,1352,3,88000,2,15,9,101,5,350091,
0,58984428,5,1304,3,140000,2,15,5,80,3,151300,
0,58996064,7,1230.5,3,69000,1,11,9,72,5,151300,
0,59002460,4,1328,3,123000,1,8,5,99,3,151009,
0,58997449,4,1403,1,184000,2,8,-1,80,5,340017,
0,54982356,1,1391,1,1200000,2,5,-1,64,5,361026,
0,58988052,5,1293.5,1,169000,2,15,-1,106,5,450017,
0,59005843,4,1230.5,1,71000,2,8,5,100,5,72001,
0,59004680,4,1370,1,273000,2,8,9,110,5,60015,
0,54991534,4,1338.5,3,133000,1,8,5,80,3,151009,
0,54991100,4,1292,3,195000,2,8,5,112,4,151300,
0,58994019,7,,3,156000,2,11,5,84,5,450069,
0,58996823,7,1272.5,1,66000,2,11,5,105,5,60014,
0,54982897,5,1257.5,3,102000,2,15,2,80,3,60005,
0,59001138,4,,2,100000,2,8,9,99,5,71003,
1,54985832,7,1308.5,3,500000,2,11,9,85,5,60001,
0,59001213,4,1296.5,1,127000,2,8,5,112,5,60032,
1,58994493,7,1287.5,3,89000,2,11,5,105,5,71004,
0,58991651,7,1268,3,107000,2,11,4,105,5,60091,
1,59004235,4,,2,150000,2,8,5,100,3,60018,
0,58990154,7,1262,3,100000,2,11,5,113,4,450071,
0,58985785,5,,3,250000,2,15,-1,111,5,450031,
0,59003741,4,,2,39000,2,8,5,90,3,60001,
0,58996247,7,1259,1,336000,2,11,9,112,4,60036,
0,54983895,5,1223,3,59000,2,15,5,112,4,510101,
,54984680,5,,,,,,,,,,
,54982859,5,,,,,,,,,,
,59001195,4,,,,,,,,,,
,58985542,5,1272.5,3,108000,2,15,5,113,4,450015,
0,58996837,7,1235,3,56000,2,11,-1,114,4,151300,
0,54989264,4,1343,3,110000,2,8,2,105,5,60043,
0,59001031,4,,2,58000,2,8,5,100,5,151300,
0,58992063,7,1137.5,3,88000,2,11,-1,107,4,450081,
0,54985816,7,1320.5,3,108000,2,11,5,110,4,510068,
0,58988196,5,1289,1,173000,2,15,5,112,3,350702,
0,58987926,5,,2,50000,2,15,5,108,4,450000,
0,58995381,7,1220,3,76000,2,11,2,90,5,71002,
0,58998054,4,1250,3,137000,2,8,5,90,5,72000,
0,54989781,4,1415,3,93000,2,8,5,113,4,151300,