,fea_1,fea_2,fea_3,fea_4,fea_5,fea_6,fea_7,fea_8,fea_9,fea_10
946,7.0,1275.5,3.0,136000.0,2.0,11.0,5.0,113.0,4.0,151304.0
392,7.0,1304.0,3.0,63000.0,2.0,11.0,5.0,110.0,4.0,60095.0
510,7.0,1296.5,1.0,76000.0,2.0,11.0,10.0,113.0,4.0,72001.0
875,5.0,1250.0,3.0,78000.0,2.0,15.0,5.0,82.0,5.0,350092.0
420,7.0,1257.5,3.0,95000.0,1.0,11.0,4.0,111.0,4.0,450015.0
448,4.0,1313.0,3.0,328000.0,2.0,8.0,5.0,90.0,5.0,151300.0
1103,7.0,1268.0,3.0,107000.0,2.0,11.0,4.0,105.0,5.0,60091.0
1047,4.0,1284.1808176100628,2.0,65000.0,2.0,8.0,5.0,112.0,4.0,60015.0
424,4.0,1244.0,3.0,97000.0,2.0,8.0,5.0,99.0,5.0,60091.0
486,4.0,1163.0,3.0,42000.0,2.0,8.0,10.0,113.0,4.0,151300.0
981,7.0,1335.5,3.0,546000.0,2.0,11.0,3.0,80.0,5.0,330008.0
984,7.0,1250.0,1.0,121000.0,2.0,11.0,-1.0,112.0,4.0,350091.0
258,7.0,1326.5,1.0,91000.0,1.0,11.0,9.0,106.0,4.0,450080.0
335,4.0,1284.1808176100628,2.0,90000.0,2.0,8.0,5.0,111.0,4.0,72001.0
1076,7.0,1248.5,3.0,146000.0,2.0,11.0,10.0,105.0,5.0,350704.0
421,7.0,1302.5,1.0,105000.0,2.0,11.0,5.0,95.0,3.0,60000.0
585,4.0,1284.1808176100628,2.0,49000.0,1.0,8.0,2.0,114.0,4.0,71000.0
248,4.0,1298.0,1.0,165000.0,2.0,8.0,9.0,90.0,3.0,72000.0
133,5.0,1268.0,3.0,91000.0,2.0,15.0,5.0,112.0,4.0,71008.0
324,7.0,1233.5,3.0,59000.0,2.0,11.0,5.0,91.0,3.0,450052.0
1004,5.0,1292.0,3.0,172000.0,2.0,15.0,8.0,113.0,5.0,350092.0
410,7.0,1289.0,3.0,130000.0,2.0,11.0,9.0,84.0,3.0,60019.0
707,4.0,1241.0,3.0,35000.0,2.0,8.0,5.0,99.0,5.0,60084.0
562,7.0,1274.0,1.0,240000.0,2.0,11.0,-1.0,104.0,5.0,350100.0
96,4.0,1257.5,1.0,91000.0,2.0,8.0,5.0,90.0,3.0,72000.0
390,4.0,1265.0,1.0,120000.0,2.0,8.0,5.0,105.0,3.0,71000.0
611,4.0,1269.5,1.0,210000.0,2.0,8.0,-1.0,84.0,3.0,330012.0
66,5.0,1206.5,3.0,49000.0,2.0,15.0,2.0,102.0,4.0,551201.0
51,7.0,1187.0,3.0,90000.0,2.0,11.0,5.0,100.0,5.0,60093.0
58,7.0,1235.0,3.0,101000.0,2.0,11.0,5.0,112.0,3.0,60013.0
555,5.0,1230.5,3.0,72000.0,2.0,15.0,9.0,113.0,4.0,151304.0
54,5.0,1205.0,3.0,61000.0,2.0,15.0,5.0,76.0,5.0,60069.0
299,7.0,1170.5,3.0,71000.0,2.0,11.0,5.0,111.0,4.0,151307.0
871,5.0,1269.5,1.0,114000.0,2.0,15.0,5.0,83.0,3.0,450058.0
581,4.0,1305.5,3.0,65000.0,2.0,8.0,9.0,80.0,5.0,60041.0
1,7.0,1298.0,1.0,110000.0,2.0,11.0,-1.0,101.0,5.0,72001.0
721,5.0,1308.5,3.0,131000.0,1.0,15.0,5.0,110.0,5.0,72000.0
909,7.0,1370.0,1.0,142000.0,2.0,11.0,9.0,113.0,4.0,72014.0
623,7.0,1284.1808176100628,2.0,56000.0,2.0,11.0,5.0,113.0,3.0,366001.0
627,7.0,1284.1808176100628,2.0,255000.0,2.0,11.0,5.0,99.0,3.0,60058.0
220,4.0,1284.1808176100628,2.0,97000.0,2.0,8.0,5.0,110.0,4.0,72001.0
1010,4.0,1284.1808176100628,2.0,113000.0,2.0,8.0,9.0,93.0,5.0,72001.0
968,4.0,1332.5,1.0,106000.0,2.0,8.0,5.0,100.0,3.0,60033.0
108,5.0,1272.5,3.0,143000.0,2.0,15.0,5.0,114.0,4.0,72001.0
40,5.0,1298.0,1.0,127000.0,2.0,15.0,-1.0,113.0,4.0,151300.0
194,5.0,1307.0,3.0,91000.0,2.0,15.0,5.0,110.0,5.0,60023.0
14,7.0,1257.5,3.0,126000.0,2.0,11.0,5.0,105.0,3.0,151300.0
1019,7.0,1202.0,3.0,63000.0,2.0,11.0,-1.0,112.0,4.0,60057.0
239,5.0,1229.0,3.0,50000.0,2.0,15.0,9.0,110.0,5.0,450071.0
674,5.0,1320.5,3.0,150000.0,2.0,15.0,9.0,108.0,5.0,361028.0
921,4.0,1299.5,1.0,139000.0,2.0,8.0,-1.0,95.0,5.0,72000.0
511,7.0,1290.5,3.0,116000.0,2.0,11.0,5.0,85.0,5.0,151300.0
326,4.0,1242.5,3.0,56000.0,2.0,8.0,-1.0,85.0,5.0,330007.0
237,4.0,1305.5,1.0,117000.0,2.0,8.0,5.0,112.0,5.0,60029.0
571,4.0,1256.0,3.0,101000.0,2.0,8.0,9.0,110.0,5.0,60084.0
141,7.0,1262.0,3.0,172000.0,2.0,11.0,9.0,112.0,4.0,72000.0
38,7.0,1347.5,1.0,392000.0,2.0,11.0,4.0,114.0,4.0,60018.0
858,7.0,1226.0,3.0,64000.0,2.0,11.0,5.0,103.0,3.0,72000.0
439,5.0,1262.0,3.0,93000.0,2.0,15.0,9.0,86.0,5.0,151300.0
726,5.0,1284.1808176100628,2.0,114000.0,2.0,15.0,5.0,110.0,4.0,72049.0
440,5.0,1248.5,1.0,286000.0,2.0,15.0,-1.0,112.0,4.0,450094.0
361,7.0,1376.0,3.0,142000.0,1.0,11.0,5.0,99.0,3.0,151300.0
818,4.0,1314.5,1.0,89000.0,2.0,8.0,-1.0,100.0,5.0,60017.0
191,4.0,1290.5,1.0,103000.0,2.0,8.0,9.0,112.0,4.0,60084.0
496,4.0,1275.5,3.0,90000.0,1.0,8.0,5.0,103.0,5.0,72049.0
292,7.0,1287.5,1.0,88000.0,2.0,11.0,-1.0,113.0,4.0,71003.0
396,4.0,1275.5,3.0,284000.0,2.0,8.0,5.0,107.0,5.0,60000.0
150,4.0,1341.5,1.0,91000.0,1.0,8.0,5.0,100.0,4.0,151300.0
278,4.0,1190.0,3.0,128000.0,2.0,8.0,5.0,105.0,5.0,72000.0
940,7.0,1148.0,3.0,106000.0,2.0,11.0,5.0,94.0,5.0,450071.0
857,4.0,1284.1808176100628,2.0,92000.0,2.0,8.0,-1.0,107.0,4.0,350052.0
839,4.0,1302.5,3.0,410000.0,2.0,8.0,9.0,84.0,5.0,60018.0
293,5.0,1361.0,3.0,30000.0,1.0,15.0,5.0,110.0,5.0,60033.0
339,7.0,1304.0,3.0,135000.0,2.0,11.0,5.0,90.0,3.0,550109.0
316,5.0,1241.0,3.0,30000.0,2.0,15.0,5.0,80.0,5.0,60006.0
159,4.0,1338.5,3.0,165000.0,2.0,8.0,5.0,111.0,5.0,151300.0
232,7.0,1397.0,1.0,131000.0,2.0,11.0,5.0,95.0,5.0,60001.0
416,4.0,1244.0,3.0,107000.0,2.0,8.0,5.0,112.0,5.0,60017.0
330,7.0,1277.0,1.0,119000.0,1.0,11.0,5.0,105.0,3.0,72000.0
512,7.0,1328.0,1.0,127000.0,2.0,11.0,-1.0,112.0,4.0,60043.0
245,7.0,1247.0,2.3354545454545454,121039.19781221513,1.9269406392694064,10.865753424657534,4.821917808219178,100.79963235294117,5.0,60041.0
641,4.0,1356.5,1.0,136000.0,2.0,8.0,5.0,74.0,3.0,72000.0
792,7.0,1227.5,3.0,68000.0,2.0,11.0,5.0,114.0,3.0,345009.0
790,7.0,1268.0,3.0,90000.0,2.0,11.0,5.0,86.0,5.0,71002.0
348,7.0,1235.0,3.0,68000.0,2.0,11.0,5.0,110.0,5.0,450017.0
755,5.0,1290.5,3.0,86000.0,2.0,15.0,5.0,93.0,5.0,60033.0
55,1.0,1130.0,2.0,1000000.0,2.0,4.0,-1.0,100.0,5.0,650018.0
702,7.0,1274.0,1.0,328000.0,2.0,11.0,-1.0,82.0,5.0,450000.0
1033,7.0,1328.0,1.0,105000.0,2.0,11.0,-1.0,109.0,4.0,60095.0
1001,7.0,1379.0,3.0,144000.0,2.0,11.0,5.0,113.0,4.0,151008.0
771,7.0,1281.5,3.0,84000.0,2.0,11.0,5.0,113.0,4.0,60091.0
1119,5.0,1289.0,1.0,173000.0,2.0,15.0,5.0,112.0,3.0,350702.0
703,4.0,1310.0,3.0,129000.0,1.0,8.0,5.0,100.0,5.0,151300.0
897,4.0,1241.0,3.0,105000.0,2.0,8.0,5.0,114.0,4.0,72000.0
224,4.0,1284.1808176100628,2.0,446000.0,2.0,8.0,-1.0,90.0,5.0,60014.0
1062,7.0,1283.0,3.0,67000.0,2.0,11.0,5.0,114.0,4.0,60026.0
1072,4.0,1272.5,3.0,180000.0,2.0,8.0,5.0,110.0,4.0,60091.0
127,4.0,1227.5,3.0,62000.0,2.0,8.0,5.0,110.0,5.0,60069.0
685,5.0,1338.5,3.0,325000.0,2.0,15.0,5.0,110.0,5.0,60033.0
294,7.0,1223.0,3.0,68000.0,1.0,11.0,5.0,84.0,5.0,60014.0
775,4.0,1284.1808176100628,2.0,94000.0,2.0,8.0,-1.0,109.0,5.0,340006.0
920,5.0,1284.1808176100628,2.0,35000.0,2.0,16.0,-1.0,113.0,4.0,527000.0
633,7.0,1286.0,1.0,110000.0,2.0,11.0,5.0,112.0,5.0,60033.0
1014,7.0,1271.0,3.0,137000.0,2.0,11.0,5.0,68.0,5.0,60008.0
840,4.0,1200.5,3.0,69000.0,2.0,8.0,5.0,104.0,5.0,60064.0
767,7.0,1281.5,1.0,173000.0,2.0,11.0,-1.0,106.0,5.0,72000.0
572,4.0,1239.5,3.0,65000.0,2.0,8.0,5.0,92.0,5.0,151300.0
597,4.0,1406.0,1.0,208000.0,2.0,8.0,-1.0,112.0,5.0,340001.0
356,7.0,1350.5,1.0,137000.0,2.0,11.0,5.0,100.0,3.0,60048.0
795,4.0,1284.1808176100628,2.0,81000.0,2.0,8.0,5.0,110.0,3.0,72014.0
583,7.0,1284.1808176100628,2.0,93000.0,2.0,11.0,5.0,108.0,5.0,60000.0
1024,5.0,1244.0,3.0,30000.0,2.0,15.0,5.0,100.0,5.0,60014.0
265,7.0,1328.0,3.0,71000.0,2.0,11.0,5.0,109.0,5.0,60004.0
315,4.0,1305.5,1.0,123000.0,2.0,8.0,5.0,106.0,3.0,330008.0
402,4.0,1328.0,1.0,150000.0,2.0,8.0,5.0,107.0,3.0,332414.0
162,5.0,1269.5,1.0,175000.0,2.0,15.0,5.0,110.0,5.0,350057.0
967,7.0,1244.0,3.0,130000.0,2.0,11.0,5.0,98.0,5.0,450054.0
105,4.0,1320.5,1.0,138000.0,2.0,8.0,9.0,108.0,3.0,60000.0
1080,7.0,1374.5,1.0,400000.0,2.0,12.0,-1.0,104.0,5.0,60000.0
386,7.0,1377.5,3.0,78000.0,1.0,11.0,5.0,100.0,3.0,60017.0
708,5.0,1322.0,3.0,195000.0,2.0,15.0,9.0,95.0,5.0,60000.0
218,7.0,1245.5,3.0,58000.0,2.0,11.0,5.0,101.0,5.0,60058.0
369,5.0,1299.5,3.0,30000.0,2.0,15.0,5.0,95.0,5.0,71000.0
873,4.0,1337.0,3.0,410000.0,2.0,8.0,5.0,83.0,5.0,60091.0
493,5.0,1356.5,3.0,198000.0,2.0,15.0,5.0,90.0,5.0,71000.0
45,7.0,1314.5,1.0,127000.0,2.0,11.0,-1.0,109.0,3.0,340012.0
801,5.0,1481.0,3.0,101000.0,2.0,15.0,5.0,100.0,5.0,60091.0
816,7.0,1284.1808176100628,2.0,73000.0,2.0,11.0,9.0,114.0,4.0,361000.0
436,1.0,1343.0,1.0,550000.0,2.0,5.0,-1.0,77.0,5.0,350024.0
1009,5.0,1341.5,3.0,66000.0,2.0,15.0,4.0,73.0,5.0,450083.0
848,5.0,1284.1808176100628,2.0,35000.0,2.0,15.0,5.0,114.0,4.0,60069.0
930,7.0,1214.0,3.0,58000.0,2.0,11.0,5.0,112.0,3.0,450080.0
377,4.0,1298.0,1.0,35000.0,2.0,8.0,5.0,103.0,5.0,60028.0
342,4.0,1284.1808176100628,2.0,94000.0,2.0,8.0,-1.0,113.0,4.0,72000.0
661,5.0,1262.0,3.0,130000.0,2.0,15.0,5.0,100.0,5.0,151304.0
207,5.0,1296.5,1.0,130000.0,2.0,15.0,-1.0,86.0,4.0,60018.0
28,7.0,1239.5,3.0,79000.0,2.0,11.0,8.0,111.0,5.0,71003.0
700,7.0,1250.0,3.0,94000.0,2.0,11.0,5.0,113.0,4.0,71000.0
804,5.0,1239.5,3.0,58000.0,2.0,15.0,5.0,107.0,5.0,60017.0
64,7.0,1284.1808176100628,2.0,126000.0,2.0,11.0,9.0,115.0,4.0,450028.0
853,7.0,1206.5,3.0,76000.0,2.0,11.0,5.0,108.0,4.0,72000.0
925,7.0,1241.0,3.0,63000.0,2.0,11.0,5.0,112.0,4.0,60057.0
982,5.0,1284.1808176100628,2.0,62000.0,1.0,15.0,5.0,111.0,4.0,151300.0
943,4.0,1316.0,3.0,107000.0,2.0,8.0,5.0,112.0,4.0,60006.0
644,7.0,1214.0,3.0,60000.0,2.0,11.0,9.0,108.0,4.0,151300.0
39,4.0,1191.5,3.0,50000.0,2.0,8.0,5.0,106.0,5.0,60090.0
0,4.0,1277.0,1.0,113000.0,2.0,8.0,-1.0,100.0,3.0,341759.0
298,7.0,1326.5,3.0,208000.0,2.0,11.0,5.0,105.0,4.0,510070.0
1012,7.0,1284.1808176100628,3.0,50000.0,2.0,12.0,-1.0,114.0,4.0,335534.0
211,7.0,1284.1808176100628,2.0,106000.0,2.0,11.0,-1.0,90.0,5.0,60033.0
834,5.0,1214.0,3.0,58000.0,2.0,15.0,5.0,112.0,4.0,72000.0
656,5.0,1248.5,3.0,106000.0,2.0,15.0,5.0,85.0,3.0,151300.0
772,4.0,1214.0,3.0,99000.0,2.0,8.0,5.0,84.0,3.0,60017.0
824,7.0,1299.5,3.0,64000.0,2.0,11.0,5.0,110.0,4.0,510090.0
428,7.0,1304.0,3.0,129000.0,2.0,11.0,5.0,103.0,3.0,151300.0
466,7.0,1341.5,3.0,112000.0,2.0,11.0,8.0,83.0,5.0,60090.0
323,4.0,1256.0,3.0,141000.0,2.0,8.0,5.0,84.0,3.0,60031.0
122,7.0,1230.5,1.0,129000.0,2.0,11.0,5.0,88.0,3.0,60043.0
530,4.0,1296.5,3.0,94000.0,2.0,8.0,9.0,114.0,4.0,60058.0
543,4.0,1256.0,3.0,180000.0,2.0,8.0,5.0,105.0,5.0,60018.0
97,4.0,1269.5,3.0,107000.0,1.0,8.0,9.0,81.0,3.0,60040.0
561,2.0,1407.5,1.0,153000.0,2.0,3.0,9.0,112.0,5.0,151309.0
964,7.0,1286.0,1.0,86000.0,2.0,11.0,-1.0,95.0,5.0,72000.0
891,5.0,1289.0,1.0,35000.0,2.0,15.0,5.0,76.0,5.0,60063.0
100,4.0,1284.1808176100628,2.0,139000.0,2.0,8.0,5.0,111.0,3.0,60036.0
302,4.0,1256.0,3.0,120000.0,2.0,8.0,5.0,105.0,5.0,72015.0
610,4.0,1284.1808176100628,2.0,105000.0,2.0,8.0,5.0,109.0,3.0,60014.0
949,4.0,1284.1808176100628,2.0,67000.0,2.0,8.0,-1.0,100.0,5.0,60074.0
1099,4.0,1284.1808176100628,2.0,100000.0,2.0,8.0,9.0,99.0,5.0,71003.0
609,5.0,1304.0,3.0,150000.0,2.0,15.0,5.0,105.0,5.0,550107.0
706,7.0,1299.5,1.0,87000.0,2.0,11.0,5.0,85.0,5.0,151300.0
1094,4.0,1338.5,3.0,133000.0,1.0,8.0,5.0,80.0,3.0,151009.0
950,7.0,1284.1808176100628,2.0,89000.0,2.0,11.0,9.0,80.0,5.0,72001.0
1023,7.0,1305.5,1.0,136000.0,2.0,11.0,-1.0,105.0,4.0,60061.0
80,4.0,1281.5,3.0,304000.0,2.0,8.0,5.0,84.0,3.0,60024.0
893,4.0,1269.5,3.0,113000.0,2.0,8.0,5.0,110.0,5.0,60091.0
664,4.0,1262.0,3.0,185000.0,2.0,8.0,5.0,105.0,5.0,151300.0
106,5.0,1377.5,3.0,96000.0,2.0,15.0,5.0,87.0,5.0,60044.0
306,4.0,1214.0,3.0,82000.0,1.0,8.0,5.0,100.0,5.0,60019.0
941,4.0,1334.0,3.0,35000.0,2.0,8.0,5.0,77.0,3.0,151000.0
113,7.0,1376.0,1.0,150000.0,2.0,11.0,-1.0,110.0,4.0,60000.0
82,7.0,1284.1808176100628,2.0,58000.0,2.0,11.0,5.0,113.0,4.0,510010.0
798,7.0,1308.5,3.0,194000.0,2.0,11.0,5.0,105.0,4.0,60051.0
756,4.0,1284.1808176100628,2.0,83000.0,2.0,8.0,5.0,110.0,3.0,71000.0
451,7.0,1239.5,1.0,238000.0,2.0,11.0,5.0,110.0,4.0,60014.0
95,7.0,1284.1808176100628,3.0,35000.0,2.0,12.0,-1.0,86.0,3.0,650070.0
975,7.0,1352.0,3.0,71000.0,2.0,11.0,5.0,104.0,5.0,60093.0
662,4.0,1257.5,3.0,105000.0,2.0,8.0,5.0,73.0,3.0,151009.0
789,4.0,1284.1808176100628,2.0,54000.0,2.0,8.0,5.0,89.0,5.0,72016.0
737,7.0,1310.0,1.0,169000.0,2.0,11.0,5.0,109.0,4.0,60058.0
1115,4.0,1343.0,3.0,110000.0,2.0,8.0,2.0,105.0,5.0,60043.0
974,4.0,1284.1808176100628,2.0,69000.0,2.0,8.0,-1.0,112.0,4.0,60048.0
367,7.0,1323.5,1.0,152000.0,2.0,11.0,5.0,98.0,5.0,151008.0
189,5.0,1284.1808176100628,3.0,94000.0,2.0,15.0,5.0,113.0,4.0,60057.0
865,7.0,1320.5,1.0,102000.0,2.0,11.0,5.0,110.0,3.0,151300.0
215,5.0,1214.0,3.0,56000.0,2.0,15.0,5.0,101.0,5.0,60064.0
855,7.0,1322.0,1.0,141000.0,2.0,11.0,5.0,84.0,3.0,60004.0
387,5.0,1242.5,3.0,75000.0,2.0,15.0,5.0,109.0,4.0,510020.0
592,5.0,1367.0,3.0,127000.0,2.0,15.0,5.0,101.0,5.0,60054.0
735,7.0,1266.5,1.0,109000.0,2.0,11.0,3.0,107.0,3.0,330021.0
645,7.0,1266.5,3.0,227000.0,2.0,11.0,9.0,112.0,4.0,151300.0
1116,4.0,1284.1808176100628,2.0,58000.0,2.0,8.0,5.0,100.0,5.0,151300.0
529,7.0,1226.0,3.0,61000.0,2.0,11.0,9.0,105.0,3.0,151300.0
1105,7.0,1262.0,3.0,100000.0,2.0,11.0,5.0,113.0,4.0,450071.0
807,5.0,1269.5,3.0,124000.0,2.0,15.0,5.0,112.0,4.0,60033.0
522,4.0,1356.5,1.0,220000.0,2.0,8.0,5.0,107.0,4.0,151011.0
464,4.0,1256.0,1.0,68000.0,2.0,8.0,5.0,105.0,3.0,350058.0
973,7.0,1292.0,1.0,132000.0,2.0,11.0,5.0,64.0,3.0,60018.0
850,7.0,1284.1808176100628,2.0,180000.0,2.0,11.0,5.0,114.0,3.0,72001.0
911,7.0,1280.0,3.0,156000.0,1.0,11.0,5.0,96.0,5.0,72000.0
636,4.0,1256.0,1.0,120000.0,2.0,8.0,5.0,99.0,4.0,151000.0
927,7.0,1328.0,1.0,189000.0,2.0,11.0,9.0,85.0,5.0,60019.0
349,4.0,1277.0,1.0,162000.0,2.0,8.0,5.0,85.0,5.0,151304.0
269,4.0,1313.0,3.0,98000.0,1.0,8.0,9.0,103.0,5.0,151300.0
618,7.0,1287.5,1.0,135000.0,2.0,11.0,5.0,109.0,4.0,72000.0
321,7.0,1304.0,1.0,130000.0,2.0,11.0,5.0,111.0,4.0,450046.0
311,7.0,1220.0,3.0,263000.0,2.0,11.0,9.0,90.0,2.0,151300.0
144,4.0,1196.0,3.0,65000.0,2.0,8.0,-1.0,108.0,4.0,72001.0
341,7.0,1266.5,3.0,110000.0,1.0,11.0,5.0,99.0,5.0,151300.0
145,5.0,1269.5,3.0,86000.0,2.0,15.0,9.0,89.0,5.0,60019.0
1043,4.0,1311.5,1.0,169000.0,2.0,8.0,-1.0,112.0,5.0,72000.0
497,7.0,1293.5,1.0,87000.0,2.0,11.0,5.0,113.0,3.0,450080.0
249,5.0,1259.0,3.0,94000.0,2.0,15.0,9.0,105.0,3.0,350063.0
701,5.0,1316.0,1.0,202000.0,2.0,15.0,5.0,105.0,5.0,450054.0
479,5.0,1287.5,1.0,126000.0,2.0,15.0,5.0,107.0,3.0,350071.0
663,5.0,1350.5,1.0,155000.0,2.0,15.0,8.0,104.0,5.0,60004.0
1041,4.0,1284.1808176100628,2.0,91000.0,2.0,8.0,-1.0,107.0,3.0,60018.0
570,7.0,1214.0,3.0,74000.0,2.0,11.0,5.0,110.0,4.0,60058.0
598,7.0,1443.5,3.0,162000.0,2.0,11.0,9.0,110.0,5.0,72014.0
430,7.0,1284.1808176100628,2.0,127000.0,2.0,11.0,-1.0,110.0,4.0,450063.0
733,7.0,1215.5,3.0,67000.0,2.0,11.0,5.0,95.0,3.0,151306.0
180,7.0,1289.0,1.0,107000.0,2.0,11.0,5.0,102.0,3.0,151300.0
655,4.0,1284.1808176100628,2.0,120000.0,2.0,8.0,5.0,105.0,3.0,60050.0
815,7.0,1287.5,3.0,144000.0,2.0,11.0,5.0,114.0,4.0,72000.0
716,4.0,1284.1808176100628,2.0,75000.0,2.0,8.0,-1.0,107.0,3.0,151300.0
813,7.0,1250.0,3.0,60000.0,2.0,11.0,5.0,114.0,4.0,72001.0
195,5.0,1322.0,3.0,195000.0,2.0,15.0,5.0,90.0,3.0,60033.0
476,4.0,1376.0,3.0,77000.0,2.0,8.0,9.0,113.0,5.0,151300.0
183,7.0,1284.1808176100628,2.0,53000.0,2.0,11.0,5.0,105.0,4.0,151307.0
119,5.0,1308.5,3.0,30000.0,2.0,15.0,5.0,100.79963235294117,5.0,60062.0
1085,5.0,1352.0,3.0,88000.0,2.0,15.0,9.0,101.0,5.0,350091.0
19,7.0,1284.1808176100628,2.0,77000.0,2.0,11.0,9.0,114.0,5.0,510000.0
649,7.0,1371.5,3.0,121000.0,2.0,11.0,9.0,85.0,3.0,60004.0
304,5.0,1284.1808176100628,2.0,48000.0,2.0,15.0,5.0,107.0,4.0,450008.0
378,7.0,1278.5,3.0,131000.0,2.0,11.0,5.0,110.0,3.0,60001.0
980,4.0,1241.0,3.0,30000.0,2.0,8.0,9.0,114.0,3.0,151300.0
1093,4.0,1370.0,1.0,273000.0,2.0,8.0,9.0,110.0,5.0,60015.0
190,4.0,1287.5,3.0,110000.0,2.0,8.0,9.0,80.0,5.0,151300.0
376,7.0,1314.5,1.0,97000.0,2.0,11.0,9.0,90.0,3.0,60005.0
866,7.0,1296.5,3.0,80000.0,2.0,11.0,5.0,112.0,3.0,60069.0
977,7.0,1353.5,1.0,173000.0,2.0,11.0,5.0,65.0,5.0,350018.0
739,5.0,1353.5,3.0,143000.0,2.0,15.0,5.0,110.0,4.0,60007.0
872,7.0,1278.5,3.0,71000.0,2.0,11.0,1.0,111.0,3.0,60019.0
829,7.0,1292.0,3.0,163000.0,2.0,11.0,5.0,109.0,5.0,60016.0
715,4.0,1226.0,3.0,73000.0,1.0,8.0,5.0,104.0,5.0,60058.0
214,4.0,1238.0,3.0,125000.0,2.0,8.0,9.0,85.0,5.0,60002.0
155,5.0,1284.1808176100628,2.0,30000.0,2.0,15.0,5.0,104.0,3.0,72002.0
160,7.0,1316.0,1.0,117000.0,2.0,11.0,-1.0,110.0,5.0,361013.0
138,5.0,1304.0,3.0,390000.0,2.0,15.0,5.0,91.0,5.0,60050.0
732,5.0,1371.5,3.0,83000.0,2.0,15.0,5.0,95.0,3.0,350704.0
878,4.0,1317.5,1.0,183000.0,2.0,8.0,5.0,90.0,5.0,60019.0
849,4.0,1308.5,3.0,312000.0,2.0,8.0,8.0,89.0,5.0,60014.0
366,7.0,1301.0,1.0,77000.0,2.0,11.0,5.0,95.0,3.0,450000.0
99,7.0,1283.0,3.0,90000.0,2.0,11.0,5.0,85.0,5.0,60000.0
49,4.0,1287.5,1.0,139000.0,2.0,8.0,5.0,100.0,3.0,60030.0
811,7.0,1323.5,1.0,117000.0,2.0,11.0,9.0,112.0,4.0,550001.0
243,2.0,1349.0,1.0,286000.0,2.0,3.0,-1.0,80.0,3.0,361003.0
945,7.0,1305.5,3.0,84000.0,2.0,11.0,5.0,112.0,4.0,151306.0
184,7.0,1188.5,3.0,90000.0,2.0,11.0,5.0,98.0,5.0,60017.0
263,4.0,1425.5,3.0,146000.0,2.0,8.0,5.0,113.0,5.0,60062.0
1079,4.0,1293.5,3.0,35000.0,2.0,8.0,5.0,105.0,5.0,350071.0
91,7.0,1284.1808176100628,3.0,108000.0,1.0,11.0,-1.0,111.0,4.0,450006.0
384,4.0,1266.5,1.0,104000.0,2.0,8.0,-1.0,92.0,5.0,60036.0
593,7.0,1350.5,3.0,130000.0,1.0,11.0,5.0,97.0,5.0,60016.0
399,5.0,1211.0,3.0,97000.0,2.0,15.0,5.0,86.0,5.0,151300.0
343,5.0,1269.5,1.0,180000.0,1.0,15.0,5.0,90.0,3.0,151009.0
841,4.0,1284.1808176100628,2.0,71000.0,2.0,8.0,9.0,90.0,5.0,72015.0
1073,7.0,1248.5,3.0,76000.0,2.0,11.0,5.0,95.0,3.0,72000.0
588,4.0,1241.0,1.0,115000.0,2.0,8.0,5.0,105.0,3.0,151300.0
777,5.0,1286.0,3.0,92000.0,1.0,15.0,5.0,81.0,3.0,60018.0
825,4.0,1389.5,1.0,186000.0,2.0,8.0,9.0,110.0,3.0,60014.0
357,5.0,1305.5,3.0,72000.0,2.0,15.0,5.0,100.0,5.0,151300.0
425,5.0,1302.5,3.0,211000.0,2.0,15.0,5.0,87.0,3.0,72000.0
992,7.0,1350.5,1.0,235000.0,2.0,11.0,5.0,113.0,3.0,350704.0
490,7.0,1253.0,3.0,72000.0,2.0,11.0,9.0,112.0,3.0,330008.0
738,4.0,1332.5,3.0,153000.0,2.0,8.0,5.0,112.0,4.0,72001.0
885,4.0,1308.5,1.0,123000.0,2.0,8.0,5.0,84.0,3.0,151300.0
608,4.0,1256.0,1.0,129000.0,2.0,8.0,9.0,110.0,5.0,60042.0
657,7.0,1268.0,3.0,111000.0,2.0,11.0,5.0,100.0,3.0,151010.0
648,4.0,1379.0,3.0,489000.0,2.0,8.0,9.0,99.0,5.0,72001.0
70,4.0,1239.5,3.0,68000.0,2.0,8.0,5.0,84.0,5.0,60052.0
333,7.0,1299.5,1.0,135000.0,2.0,11.0,5.0,87.0,3.0,350705.0
84,4.0,1305.5,3.0,59000.0,2.0,8.0,5.0,113.0,4.0,72004.0
902,4.0,1214.0,3.0,50000.0,2.0,8.0,5.0,114.0,4.0,60043.0
176,4.0,1298.0,3.0,101000.0,2.0,8.0,9.0,105.0,3.0,60052.0
259,7.0,1334.0,3.0,86000.0,2.0,11.0,5.0,113.0,5.0,510065.0
115,4.0,1338.5,1.0,112000.0,2.0,8.0,5.0,90.0,3.0,330008.0
516,4.0,1284.1808176100628,2.0,38000.0,2.0,8.0,9.0,109.0,4.0,60028.0
291,5.0,1223.0,3.0,50000.0,2.0,15.0,5.0,89.0,3.0,151300.0
937,4.0,1278.5,1.0,103000.0,2.0,8.0,5.0,90.0,5.0,60074.0
441,4.0,1284.1808176100628,2.0,46000.0,2.0,8.0,5.0,114.0,4.0,60000.0
423,7.0,1245.5,3.0,110000.0,2.0,11.0,5.0,100.0,4.0,71000.0
334,4.0,1214.0,3.0,56000.0,2.0,8.0,5.0,109.0,3.0,151300.0
408,7.0,1272.5,3.0,138000.0,2.0,11.0,5.0,71.0,3.0,60023.0
614,7.0,1310.0,1.0,140000.0,2.0,11.0,5.0,90.0,5.0,60002.0
762,5.0,1284.1808176100628,2.0,58000.0,2.0,15.0,2.0,112.0,4.0,151300.0
1005,5.0,1278.5,3.0,35000.0,2.0,15.0,5.0,80.0,5.0,60005.0
523,4.0,1313.0,3.0,338000.0,2.0,8.0,5.0,90.0,5.0,60004.0
867,4.0,1308.5,3.0,144000.0,2.0,8.0,5.0,107.0,5.0,60016.0
651,7.0,1271.0,3.0,85000.0,1.0,11.0,9.0,100.0,4.0,60052.0
173,7.0,1272.5,3.0,80000.0,2.0,11.0,9.0,86.0,4.0,60043.0
1049,5.0,1316.0,3.0,147000.0,2.0,15.0,9.0,105.0,5.0,361029.0
32,5.0,1338.5,3.0,30000.0,2.0,15.0,5.0,110.0,4.0,71000.0
910,7.0,1299.5,3.0,500000.0,2.0,11.0,5.0,112.0,4.0,72000.0
261,4.0,1320.5,1.0,122000.0,2.0,8.0,5.0,103.0,5.0,60046.0
720,4.0,1263.5,1.0,102000.0,2.0,8.0,9.0,103.0,3.0,60024.0
520,5.0,1272.5,3.0,49000.0,2.0,15.0,-1.0,86.0,5.0,330004.0
845,4.0,1287.5,3.0,206000.0,2.0,8.0,9.0,102.0,3.0,72000.0
221,7.0,1332.5,3.0,98000.0,2.0,11.0,5.0,107.0,5.0,60033.0
535,7.0,1223.0,3.0,55000.0,2.0,11.0,5.0,89.0,5.0,60069.0
595,4.0,1271.0,3.0,120000.0,2.0,8.0,5.0,89.0,3.0,60001.0
111,4.0,1239.5,3.0,90000.0,2.0,8.0,5.0,100.0,3.0,60019.0
1064,7.0,1241.0,1.0,70000.0,2.0,11.0,-1.0,106.0,4.0,450032.0
57,7.0,1223.0,3.0,73000.0,2.0,11.0,9.0,111.0,4.0,350092.0
202,7.0,1262.0,3.0,151000.0,2.0,11.0,5.0,114.0,4.0,510102.0
467,5.0,1265.0,3.0,135000.0,2.0,15.0,5.0,100.0,5.0,151300.0
1061,5.0,1389.5,3.0,38000.0,2.0,15.0,5.0,109.0,5.0,450015.0
209,4.0,1253.0,1.0,468000.0,2.0,8.0,5.0,81.0,5.0,60016.0
1059,7.0,1233.5,3.0,56000.0,2.0,11.0,5.0,80.0,5.0,60052.0
994,7.0,1227.5,3.0,64000.0,2.0,11.0,5.0,76.0,3.0,60005.0
164,7.0,1329.5,1.0,150000.0,2.0,11.0,-1.0,86.0,5.0,60036.0
672,7.0,1305.5,1.0,50000.0,2.0,12.0,-1.0,113.0,3.0,350061.0
704,7.0,1284.1808176100628,2.0,97000.0,2.0,11.0,5.0,76.0,5.0,72000.0
216,4.0,1284.1808176100628,2.0,45000.0,2.0,8.0,5.0,85.0,4.0,151307.0
684,5.0,1257.5,3.0,91000.0,2.0,15.0,5.0,94.0,5.0,60043.0
87,4.0,1235.0,3.0,84000.0,2.0,8.0,5.0,82.0,5.0,60044.0
81,5.0,1230.5,3.0,58000.0,2.0,15.0,-1.0,92.0,3.0,340020.0
505,7.0,1284.1808176100628,2.0,118000.0,2.0,11.0,9.0,107.0,5.0,72000.0
751,7.0,1350.5,3.0,176000.0,2.0,11.0,9.0,102.0,3.0,151004.0
782,7.0,1322.0,3.0,68000.0,2.0,11.0,5.0,86.0,3.0,72015.0
297,7.0,1298.0,1.0,114000.0,2.0,11.0,5.0,103.0,3.0,60014.0
1081,7.0,1268.0,3.0,162000.0,2.0,11.0,5.0,113.0,4.0,450081.0
962,5.0,1284.1808176100628,2.0,116000.0,2.0,15.0,5.0,110.0,4.0,510037.0
889,7.0,1284.1808176100628,3.0,100000.0,2.0,11.0,-1.0,110.0,5.0,450002.0
862,4.0,1253.0,3.0,59000.0,2.0,8.0,-1.0,110.0,4.0,151300.0
783,7.0,1230.5,3.0,72000.0,2.0,11.0,5.0,85.0,5.0,60069.0
188,7.0,1284.1808176100628,2.0,179000.0,2.0,11.0,5.0,113.0,4.0,450002.0
72,5.0,1371.5,3.0,82000.0,2.0,15.0,5.0,115.0,5.0,151300.0
1063,4.0,1302.5,1.0,239000.0,1.0,8.0,5.0,100.0,3.0,60043.0
301,4.0,1320.5,1.0,123000.0,2.0,8.0,5.0,105.0,3.0,332444.0
1011,4.0,1322.0,3.0,146000.0,2.0,8.0,9.0,100.0,5.0,72000.0
658,7.0,1233.5,3.0,62000.0,2.0,11.0,3.0,88.0,3.0,450194.0
624,4.0,1257.5,3.0,113000.0,2.0,8.0,5.0,100.0,5.0,60014.0
1083,5.0,1316.0,3.0,15000.0,2.0,15.0,5.0,114.0,4.0,510036.0
404,5.0,1311.5,1.0,215000.0,2.0,15.0,5.0,110.0,3.0,350020.0
431,4.0,1214.0,3.0,51000.0,2.0,8.0,5.0,104.0,5.0,151300.0
634,7.0,1200.5,3.0,110000.0,2.0,11.0,5.0,113.0,4.0,60034.0
506,7.0,1305.5,1.0,87000.0,2.0,11.0,-1.0,114.0,4.0,72000.0
784,5.0,1284.1808176100628,2.0,160000.0,2.0,15.0,-1.0,85.0,5.0,450043.0
44,7.0,1302.5,1.0,92000.0,2.0,11.0,-1.0,105.0,4.0,60075.0
10,4.0,1250.0,3.0,95000.0,2.0,8.0,9.0,111.0,4.0,60047.0
1016,4.0,1166.0,3.0,176000.0,2.0,8.0,5.0,87.0,5.0,60094.0
599,7.0,1308.5,1.0,110000.0,2.0,11.0,5.0,108.0,4.0,60004.0
760,7.0,1277.0,3.0,132000.0,2.0,11.0,9.0,80.0,5.0,60016.0
640,7.0,1362.5,3.0,93000.0,2.0,11.0,5.0,115.0,4.0,151300.0
746,5.0,1362.5,1.0,114000.0,2.0,15.0,-1.0,112.0,4.0,361005.0
422,7.0,1230.5,3.0,57000.0,2.0,11.0,9.0,108.0,4.0,450015.0
1036,7.0,1257.5,3.0,107000.0,2.0,11.0,5.0,113.0,4.0,450071.0
407,4.0,1284.1808176100628,2.0,57000.0,2.0,8.0,5.0,107.0,5.0,151300.0
1002,7.0,1257.5,3.0,80000.0,2.0,11.0,5.0,103.0,5.0,60047.0
847,4.0,1364.0,3.0,194000.0,2.0,8.0,5.0,110.0,5.0,151004.0
450,4.0,1296.5,3.0,250000.0,2.0,8.0,5.0,105.0,3.0,60033.0
499,4.0,1266.5,3.0,207000.0,2.0,9.0,5.0,100.0,1.0,71002.0
569,4.0,1239.5,3.0,103000.0,2.0,8.0,5.0,103.0,5.0,60036.0
171,4.0,1268.0,1.0,104000.0,2.0,8.0,9.0,95.0,5.0,60027.0
993,5.0,1284.1808176100628,2.0,83000.0,2.0,15.0,5.0,111.0,3.0,151300.0
271,4.0,1284.1808176100628,2.0,48000.0,1.0,8.0,5.0,101.0,5.0,72000.0
879,4.0,1284.1808176100628,2.0,65000.0,2.0,8.0,9.0,112.0,5.0,72001.0
919,4.0,1287.5,3.0,107000.0,2.0,8.0,9.0,114.0,4.0,60043.0
76,7.0,1214.0,3.0,51000.0,2.0,11.0,9.0,111.0,5.0,72000.0
812,1.0,1293.5,1.0,500000.0,2.0,4.0,9.0,105.0,5.0,650005.0
400,4.0,1293.5,1.0,114000.0,2.0,8.0,5.0,111.0,4.0,72001.0
757,5.0,1241.0,3.0,42000.0,2.0,15.0,-1.0,107.0,5.0,60004.0
838,4.0,1346.0,1.0,102000.0,2.0,8.0,-1.0,100.0,5.0,60095.0
104,7.0,1314.5,3.0,150000.0,2.0,11.0,10.0,113.0,4.0,60023.0
1021,5.0,1250.0,3.0,50000.0,2.0,15.0,5.0,84.0,5.0,350702.0
797,5.0,1287.5,3.0,163000.0,2.0,15.0,5.0,90.0,5.0,72014.0
114,7.0,1350.5,1.0,110000.0,2.0,11.0,-1.0,108.0,5.0,71000.0
868,4.0,1284.1808176100628,2.0,111000.0,2.0,8.0,5.0,110.0,4.0,60091.0
718,4.0,1400.0,3.0,383000.0,1.0,8.0,5.0,100.0,5.0,60024.0
453,5.0,1215.5,3.0,100000.0,2.0,15.0,5.0,110.0,5.0,450015.0
536,7.0,1338.5,3.0,162000.0,2.0,11.0,5.0,108.0,5.0,151300.0
574,7.0,1340.0,1.0,296000.0,2.0,11.0,5.0,110.0,5.0,72000.0
442,4.0,1223.0,3.0,73000.0,2.0,8.0,9.0,105.0,3.0,151300.0
126,4.0,1308.5,1.0,35000.0,2.0,8.0,5.0,103.0,5.0,151300.0
906,5.0,1233.5,3.0,82000.0,2.0,15.0,5.0,88.0,3.0,60014.0
50,5.0,1241.0,3.0,60000.0,2.0,15.0,5.0,90.0,5.0,60000.0
20,4.0,1305.5,1.0,129000.0,2.0,8.0,5.0,81.0,5.0,60014.0
898,7.0,1319.0,3.0,149000.0,2.0,11.0,9.0,112.0,5.0,350096.0
575,5.0,1304.0,1.0,146000.0,2.0,15.0,5.0,90.0,3.0,350008.0
830,5.0,1305.5,3.0,129000.0,2.0,15.0,5.0,95.0,3.0,60061.0
541,4.0,1310.0,3.0,88000.0,2.0,8.0,5.0,100.0,5.0,60005.0
874,7.0,1329.5,3.0,114000.0,2.0,11.0,5.0,76.0,5.0,60040.0
754,4.0,1296.5,1.0,127000.0,2.0,8.0,5.0,107.0,3.0,60019.0
668,7.0,1248.5,3.0,60000.0,2.0,11.0,5.0,90.0,3.0,60074.0
560,4.0,1278.5,1.0,201000.0,2.0,8.0,5.0,102.0,5.0,72000.0
77,4.0,1305.5,3.0,91000.0,2.0,8.0,2.0,95.0,5.0,60091.0
1089,4.0,1403.0,1.0,184000.0,2.0,8.0,-1.0,80.0,5.0,340017.0
836,4.0,1250.0,1.0,87000.0,2.0,8.0,5.0,105.0,5.0,60069.0
971,5.0,1278.5,3.0,143000.0,2.0,15.0,5.0,111.0,5.0,60017.0
1087,7.0,1230.5,3.0,69000.0,1.0,11.0,9.0,72.0,5.0,151300.0
741,7.0,1284.1808176100628,2.0,120000.0,2.0,11.0,5.0,101.0,5.0,72000.0
308,7.0,1262.0,3.0,121000.0,2.0,11.0,5.0,106.0,5.0,151300.0
6,5.0,1256.0,3.0,78000.0,2.0,15.0,-1.0,111.0,3.0,60030.0
153,5.0,1310.0,3.0,325000.0,2.0,15.0,5.0,83.0,3.0,71000.0
632,7.0,1325.0,1.0,195000.0,2.0,11.0,5.0,109.0,5.0,350703.0
579,7.0,1340.0,1.0,80000.0,2.0,11.0,5.0,110.0,4.0,71002.0
563,4.0,1223.0,3.0,50000.0,2.0,8.0,5.0,110.0,4.0,72000.0
519,7.0,1214.0,3.0,81000.0,2.0,11.0,9.0,114.0,4.0,450012.0
336,7.0,1298.0,1.0,128000.0,2.0,11.0,5.0,92.0,5.0,151300.0
300,7.0,1325.0,1.0,50000.0,2.0,12.0,-1.0,105.0,5.0,350012.0
740,7.0,1377.5,3.0,500000.0,2.0,11.0,2.0,89.0,5.0,350052.0
483,7.0,1263.5,3.0,120000.0,2.0,11.0,9.0,86.0,5.0,151300.0
151,4.0,1317.5,3.0,293000.0,2.0,8.0,5.0,100.0,5.0,60018.0
358,5.0,1388.0,3.0,75000.0,2.0,15.0,5.0,113.0,5.0,450027.0
338,5.0,1241.0,3.0,51000.0,2.0,15.0,5.0,88.0,5.0,151300.0
537,7.0,1272.5,3.0,119000.0,2.0,11.0,5.0,82.0,5.0,60068.0
48,4.0,1280.0,3.0,96000.0,2.0,8.0,9.0,112.0,4.0,60062.0
405,7.0,1197.5,3.0,63000.0,2.0,11.0,-1.0,93.0,5.0,72000.0
235,7.0,1236.5,1.0,150000.0,2.0,11.0,9.0,110.0,4.0,450000.0
279,4.0,1353.5,3.0,125000.0,2.0,8.0,9.0,107.0,5.0,60093.0
1006,5.0,1275.5,3.0,112000.0,2.0,15.0,5.0,85.0,5.0,340022.0
622,7.0,1302.5,1.0,110000.0,2.0,11.0,5.0,108.0,4.0,151002.0
983,4.0,1356.5,3.0,143000.0,2.0,8.0,5.0,107.0,5.0,60054.0
764,4.0,1214.0,3.0,62000.0,2.0,8.0,9.0,114.0,4.0,151300.0
681,5.0,1272.5,3.0,120000.0,1.0,15.0,5.0,110.0,5.0,72000.0
763,7.0,1317.5,3.0,264000.0,2.0,11.0,5.0,83.0,5.0,72000.0
85,5.0,1223.0,3.0,90000.0,2.0,15.0,5.0,101.0,3.0,450091.0
500,5.0,1286.0,1.0,99000.0,2.0,15.0,-1.0,87.0,5.0,60000.0
699,7.0,1305.5,3.0,111000.0,2.0,11.0,9.0,113.0,4.0,72015.0
61,7.0,1241.0,3.0,55000.0,2.0,11.0,9.0,113.0,4.0,151300.0
268,7.0,1263.5,3.0,35000.0,2.0,12.0,-1.0,115.0,4.0,350012.0
345,4.0,1304.0,3.0,35000.0,2.0,8.0,9.0,90.0,5.0,60047.0
346,7.0,1304.0,3.0,290000.0,2.0,11.0,5.0,111.0,4.0,60000.0
713,7.0,1238.0,3.0,66000.0,2.0,11.0,5.0,79.0,3.0,450017.0
167,7.0,1340.0,3.0,341000.0,2.0,11.0,5.0,112.0,5.0,72001.0
546,5.0,1284.1808176100628,2.0,72000.0,2.0,15.0,5.0,114.0,5.0,350050.0
185,4.0,1290.5,1.0,118000.0,1.0,8.0,5.0,100.0,5.0,60023.0
565,5.0,1299.5,3.0,30000.0,2.0,15.0,5.0,100.0,5.0,350059.0
1046,7.0,1328.0,3.0,163000.0,2.0,11.0,9.0,79.0,5.0,60062.0
916,4.0,1277.0,3.0,91000.0,2.0,8.0,5.0,114.0,4.0,72000.0
197,4.0,1179.5,3.0,56000.0,2.0,8.0,5.0,99.0,3.0,72000.0
382,7.0,1284.1808176100628,2.0,370000.0,2.0,11.0,-1.0,85.0,3.0,350096.0
823,7.0,1278.5,1.0,88000.0,2.0,11.0,-1.0,89.0,5.0,60001.0
90,7.0,1284.1808176100628,2.0,64000.0,2.0,11.0,5.0,113.0,4.0,151009.0
689,7.0,1386.5,1.0,165000.0,2.0,11.0,-1.0,100.0,3.0,350098.0
929,5.0,1274.0,3.0,76000.0,2.0,15.0,5.0,89.0,5.0,60000.0
123,4.0,1241.0,3.0,60000.0,2.0,8.0,5.0,115.0,5.0,60036.0
894,4.0,1220.0,3.0,140000.0,2.0,8.0,5.0,109.0,4.0,72010.0
1106,5.0,1284.1808176100628,3.0,250000.0,2.0,15.0,-1.0,111.0,5.0,450031.0
759,4.0,1250.0,3.0,120000.0,2.0,8.0,5.0,91.0,5.0,60064.0
131,5.0,1284.1808176100628,2.0,82000.0,2.0,15.0,5.0,106.0,5.0,60058.0
192,5.0,1367.0,3.0,167000.0,2.0,15.0,5.0,95.0,5.0,60021.0
178,7.0,1214.0,3.0,58000.0,2.0,11.0,5.0,112.0,4.0,71006.0
727,7.0,1284.1808176100628,2.0,128000.0,2.0,11.0,9.0,111.0,4.0,151300.0
502,5.0,1284.1808176100628,2.0,45000.0,2.0,15.0,9.0,113.0,4.0,72000.0
394,7.0,1283.0,3.0,146000.0,2.0,11.0,5.0,110.0,4.0,151300.0
2,7.0,1335.5,1.0,151000.0,2.0,11.0,5.0,110.0,3.0,60084.0
503,5.0,1191.5,3.0,53000.0,2.0,15.0,5.0,114.0,4.0,72000.0
951,4.0,1266.5,1.0,120000.0,1.0,8.0,5.0,109.0,4.0,60023.0
905,7.0,1241.0,3.0,56000.0,2.0,11.0,9.0,108.0,1.0,60013.0
452,4.0,1244.0,3.0,119000.0,2.0,8.0,9.0,100.0,3.0,60067.0
244,7.0,1284.1808176100628,2.0,63000.0,2.0,11.0,5.0,84.0,5.0,60019.0
604,7.0,1214.0,3.0,58000.0,2.0,11.0,9.0,103.0,4.0,60091.0
786,5.0,1223.0,3.0,56000.0,2.0,15.0,5.0,112.0,4.0,151300.0
318,4.0,1314.5,1.0,177000.0,2.0,8.0,-1.0,112.0,5.0,60000.0
810,4.0,1250.0,1.0,84000.0,1.0,8.0,5.0,100.0,3.0,60019.0
742,7.0,1241.0,1.0,74000.0,2.0,11.0,5.0,105.0,3.0,72000.0
487,4.0,1284.1808176100628,2.0,45000.0,2.0,8.0,5.0,111.0,4.0,151300.0
31,5.0,1284.1808176100628,3.0,227000.0,2.0,15.0,-1.0,110.0,4.0,450080.0
230,5.0,1301.0,1.0,114000.0,2.0,15.0,5.0,106.0,3.0,351106.0
331,7.0,1335.5,3.0,185000.0,2.0,11.0,5.0,100.0,5.0,351106.0
83,7.0,1257.5,1.0,84000.0,1.0,11.0,5.0,106.0,5.0,71000.0
908,7.0,1304.0,1.0,113000.0,2.0,11.0,9.0,112.0,4.0,350078.0
944,5.0,1338.5,3.0,107000.0,2.0,15.0,5.0,113.0,4.0,72000.0
120,4.0,1340.0,3.0,116000.0,2.0,8.0,9.0,104.0,5.0,72000.0
26,5.0,1455.5,3.0,35000.0,2.0,15.0,5.0,92.0,5.0,60058.0
682,7.0,1245.5,3.0,68000.0,2.0,11.0,5.0,111.0,4.0,60091.0
860,5.0,1224.5,3.0,45000.0,2.0,15.0,5.0,81.0,5.0,450062.0
1051,4.0,1284.1808176100628,2.0,90000.0,2.0,8.0,5.0,113.0,4.0,151307.0
446,7.0,1232.0,3.0,100000.0,2.0,11.0,5.0,111.0,4.0,72000.0
880,5.0,1332.5,3.0,325000.0,2.0,15.0,5.0,103.0,5.0,151009.0
69,4.0,1322.0,3.0,35000.0,2.0,8.0,5.0,95.0,3.0,151300.0
4,6.0,1217.0,3.0,56000.0,2.0,6.0,-1.0,100.0,3.0,60091.0
601,4.0,1278.5,3.0,97000.0,2.0,8.0,5.0,100.0,3.0,72015.0
471,7.0,1341.5,3.0,183000.0,2.0,11.0,5.0,78.0,5.0,151300.0
670,4.0,1322.0,3.0,199000.0,2.0,8.0,5.0,111.0,4.0,72000.0
808,7.0,1215.5,3.0,63000.0,1.0,11.0,5.0,100.0,5.0,71000.0
222,7.0,1290.5,1.0,108000.0,1.0,11.0,5.0,95.0,5.0,60064.0
73,4.0,1313.0,3.0,133000.0,2.0,8.0,5.0,80.0,5.0,60074.0
832,5.0,1284.1808176100628,3.0,154000.0,2.0,15.0,5.0,110.0,5.0,60036.0
731,7.0,1344.5,3.0,137000.0,2.0,11.0,5.0,101.0,5.0,72000.0
149,7.0,1241.0,3.0,63000.0,2.0,11.0,5.0,107.0,5.0,72000.0
578,7.0,1296.5,3.0,136000.0,2.0,11.0,5.0,115.0,4.0,71002.0
398,7.0,1367.0,3.0,234000.0,2.0,11.0,5.0,113.0,5.0,591044.0
210,7.0,1296.5,3.0,138000.0,1.0,11.0,5.0,100.0,5.0,60027.0
932,4.0,1284.1808176100628,2.0,47000.0,2.0,8.0,9.0,114.0,4.0,60000.0
931,1.0,1284.1808176100628,2.0,500000.0,2.0,5.0,-1.0,70.0,5.0,350020.0
557,4.0,1304.0,3.0,35000.0,2.0,8.0,5.0,110.0,4.0,72000.0
1120,5.0,1284.1808176100628,2.0,50000.0,2.0,15.0,5.0,108.0,4.0,450000.0
778,5.0,1218.5,3.0,215000.0,2.0,15.0,5.0,82.0,5.0,60016.0
1040,7.0,1215.5,3.0,60000.0,2.0,11.0,-1.0,112.0,4.0,450081.0
283,7.0,1238.0,3.0,59000.0,2.0,11.0,9.0,112.0,5.0,60000.0
370,4.0,1317.5,3.0,81000.0,2.0,8.0,5.0,90.0,5.0,60038.0
642,4.0,1277.0,3.0,135000.0,2.0,8.0,5.0,84.0,5.0,60091.0
1114,7.0,1235.0,3.0,56000.0,2.0,11.0,-1.0,114.0,4.0,151300.0
344,5.0,1308.5,3.0,39000.0,2.0,15.0,5.0,82.0,3.0,450018.0
639,7.0,1308.5,3.0,123000.0,2.0,11.0,5.0,100.0,4.0,60014.0
591,5.0,1284.1808176100628,3.0,35000.0,2.0,15.0,9.0,113.0,4.0,72000.0
359,7.0,1320.5,1.0,123000.0,2.0,11.0,5.0,113.0,4.0,60091.0
884,5.0,1290.5,1.0,106000.0,2.0,15.0,-1.0,112.0,3.0,450019.0
355,5.0,1251.5,3.0,106000.0,2.0,15.0,5.0,83.0,5.0,350012.0
843,7.0,1284.1808176100628,2.0,74000.0,2.0,11.0,9.0,85.0,5.0,60073.0
78,4.0,1278.5,3.0,115000.0,2.0,8.0,5.0,99.0,3.0,72000.0
961,4.0,1257.5,3.0,81000.0,2.0,8.0,8.0,107.0,4.0,72001.0
186,5.0,1305.5,3.0,35000.0,2.0,15.0,9.0,115.0,4.0,72000.0
375,7.0,1334.0,3.0,108000.0,2.0,11.0,5.0,90.0,3.0,60092.0
680,5.0,1413.5,1.0,204000.0,2.0,15.0,9.0,107.0,5.0,350002.0
758,7.0,1319.0,3.0,177000.0,2.0,11.0,5.0,112.0,3.0,60042.0
47,4.0,1314.5,3.0,89000.0,2.0,8.0,5.0,111.0,4.0,151009.0
146,5.0,1256.0,3.0,110000.0,2.0,15.0,9.0,107.0,5.0,60018.0
752,4.0,1266.5,3.0,101000.0,2.0,8.0,9.0,101.0,4.0,60084.0
1100,7.0,1308.5,3.0,500000.0,2.0,11.0,9.0,85.0,5.0,60001.0
686,7.0,1211.0,3.0,66000.0,2.0,11.0,5.0,101.0,4.0,60015.0
223,7.0,1259.0,3.0,147000.0,2.0,11.0,9.0,110.0,5.0,350029.0
918,5.0,1311.5,1.0,167000.0,2.0,15.0,5.0,85.0,5.0,60058.0
413,7.0,1284.1808176100628,2.0,59000.0,2.0,11.0,5.0,111.0,4.0,72001.0
21,7.0,1277.0,1.0,150000.0,2.0,11.0,5.0,95.0,5.0,60015.0
229,7.0,1319.0,3.0,88000.0,2.0,11.0,5.0,114.0,4.0,151300.0
433,7.0,1277.0,3.0,243000.0,2.0,11.0,5.0,83.0,5.0,60087.0
714,7.0,1214.0,3.0,58000.0,2.0,11.0,5.0,110.0,4.0,151300.0
896,7.0,1229.0,3.0,50000.0,2.0,12.0,-1.0,103.0,3.0,350061.0
29,7.0,1335.5,3.0,150000.0,2.0,11.0,9.0,105.0,5.0,350050.0
976,5.0,1239.5,3.0,68000.0,2.0,15.0,5.0,100.0,5.0,60054.0
63,4.0,1382.0,3.0,76000.0,2.0,8.0,5.0,100.0,5.0,60018.0
626,4.0,1287.5,3.0,127000.0,2.0,8.0,5.0,111.0,3.0,60059.0
887,7.0,1284.1808176100628,3.0,137000.0,2.0,11.0,-1.0,112.0,4.0,450080.0
426,7.0,1284.1808176100628,2.0,50000.0,1.0,11.0,5.0,100.0,4.0,60075.0
495,5.0,1287.5,3.0,102000.0,2.0,15.0,5.0,112.0,5.0,60062.0
558,4.0,1241.0,3.0,50000.0,2.0,8.0,9.0,105.0,3.0,72000.0
484,7.0,1308.5,1.0,442000.0,2.0,11.0,9.0,106.0,4.0,151011.0
551,7.0,1227.5,3.0,250000.0,2.0,11.0,9.0,100.0,5.0,60054.0
196,5.0,1250.0,3.0,93000.0,2.0,15.0,7.0,111.0,5.0,350062.0
619,7.0,1469.0,3.0,103000.0,2.0,11.0,5.0,71.0,5.0,60092.0
1015,4.0,1274.0,1.0,93000.0,1.0,8.0,5.0,100.0,3.0,60019.0
1007,4.0,1290.5,3.0,130000.0,2.0,8.0,9.0,114.0,4.0,60053.0
380,5.0,1320.5,3.0,130000.0,2.0,15.0,5.0,85.0,5.0,60047.0
748,4.0,1271.0,3.0,118000.0,1.0,8.0,5.0,80.0,5.0,60017.0
101,4.0,1284.1808176100628,2.0,60000.0,2.0,8.0,9.0,100.0,5.0,151300.0
753,4.0,1250.0,3.0,115000.0,2.0,8.0,9.0,112.0,4.0,151300.0
317,4.0,1397.0,3.0,191000.0,2.0,8.0,9.0,114.0,4.0,72000.0
550,4.0,1218.5,3.0,48000.0,2.0,8.0,5.0,90.0,5.0,72001.0
1057,4.0,1380.5,3.0,270000.0,2.0,8.0,5.0,64.0,5.0,60023.0
1058,7.0,1304.0,1.0,111000.0,2.0,11.0,9.0,113.0,4.0,151300.0
501,7.0,1353.5,1.0,187000.0,2.0,11.0,-1.0,114.0,5.0,340018.0
1020,4.0,1245.5,3.0,50000.0,2.0,8.0,5.0,88.0,3.0,340017.0
234,7.0,1307.0,1.0,182000.0,2.0,11.0,-1.0,101.0,5.0,350052.0
1008,7.0,1314.5,1.0,127000.0,2.0,11.0,9.0,110.0,3.0,60008.0
725,4.0,1259.0,3.0,75000.0,2.0,8.0,5.0,89.0,5.0,151000.0
17,7.0,1241.0,1.0,111000.0,2.0,11.0,5.0,90.0,5.0,350068.0
124,5.0,1284.1808176100628,3.0,95000.0,2.0,15.0,-1.0,112.0,4.0,450006.0
705,7.0,1205.0,3.0,63000.0,2.0,11.0,5.0,106.0,3.0,151300.0
654,7.0,1274.0,3.0,183000.0,2.0,11.0,9.0,77.0,3.0,510084.0
1042,7.0,1293.5,3.0,149000.0,2.0,11.0,9.0,84.0,5.0,151300.0
1097,7.0,1272.5,1.0,66000.0,2.0,11.0,5.0,105.0,5.0,60014.0
437,4.0,1251.5,3.0,51000.0,2.0,8.0,-1.0,74.0,5.0,60041.0
1074,7.0,1380.5,3.0,271000.0,2.0,11.0,9.0,81.0,5.0,60027.0
667,4.0,1266.5,1.0,99000.0,2.0,8.0,5.0,86.0,3.0,72002.0
978,4.0,1386.5,1.0,87000.0,2.0,8.0,5.0,105.0,4.0,60008.0
851,5.0,1475.0,3.0,96000.0,2.0,15.0,9.0,110.0,5.0,72001.0
109,4.0,1278.5,3.0,186000.0,2.0,8.0,5.0,100.79963235294117,5.0,72000.0
328,7.0,1328.0,3.0,182000.0,2.0,11.0,5.0,98.0,5.0,72001.0
403,7.0,1241.0,3.0,56000.0,1.0,11.0,5.0,103.0,4.0,151300.0
652,5.0,1259.0,3.0,80000.0,2.0,15.0,5.0,112.0,3.0,350000.0
1098,5.0,1257.5,3.0,102000.0,2.0,15.0,2.0,80.0,3.0,60005.0
281,5.0,1272.5,3.0,76000.0,2.0,15.0,5.0,104.0,5.0,60084.0
1104,4.0,1284.1808176100628,2.0,150000.0,2.0,8.0,5.0,100.0,3.0,60018.0
41,5.0,1469.0,3.0,110000.0,2.0,15.0,5.0,82.0,5.0,350066.0
24,7.0,1290.5,3.0,119000.0,2.0,11.0,9.0,85.0,3.0,151300.0
374,7.0,1284.5,3.0,144000.0,2.0,11.0,4.0,96.0,3.0,71002.0
132,7.0,1266.5,3.0,89000.0,2.0,11.0,5.0,89.0,3.0,60091.0
955,4.0,1214.0,3.0,99000.0,2.0,8.0,5.0,112.0,4.0,72000.0
892,4.0,1287.5,3.0,126000.0,1.0,8.0,5.0,99.0,5.0,151000.0
942,5.0,1244.0,3.0,57000.0,2.0,15.0,5.0,95.0,5.0,151300.0
158,5.0,1277.0,1.0,101000.0,2.0,15.0,5.0,111.0,4.0,60091.0
901,4.0,1305.5,3.0,130000.0,2.0,8.0,5.0,112.0,5.0,361047.0
165,7.0,1266.5,3.0,130000.0,2.0,11.0,9.0,100.0,5.0,60005.0
205,4.0,1338.5,1.0,107000.0,2.0,8.0,9.0,82.0,5.0,151300.0
514,7.0,1215.5,3.0,35000.0,2.0,11.0,9.0,113.0,4.0,60038.0
724,7.0,1364.0,3.0,106000.0,2.0,11.0,5.0,86.0,3.0,510003.0
518,7.0,1277.0,3.0,101000.0,2.0,11.0,9.0,106.0,4.0,450050.0
803,5.0,1404.5,1.0,150000.0,2.0,15.0,9.0,100.0,5.0,71002.0
282,5.0,1284.1808176100628,2.0,47000.0,2.0,15.0,5.0,112.0,4.0,510037.0
236,4.0,1305.5,3.0,128000.0,2.0,8.0,5.0,114.0,4.0,72000.0
814,4.0,1269.5,3.0,162000.0,2.0,8.0,9.0,81.0,5.0,60019.0
388,7.0,1352.0,1.0,121039.19781221513,1.9269406392694064,10.865753424657534,4.821917808219178,100.79963235294117,4.188868613138686,60036.0
915,4.0,1257.5,3.0,88000.0,2.0,8.0,5.0,101.0,3.0,60018.0
168,5.0,1292.0,3.0,119000.0,2.0,15.0,9.0,107.0,4.0,72001.0
1068,5.0,1364.0,3.0,134000.0,2.0,15.0,5.0,83.0,5.0,72000.0
1017,7.0,1244.0,3.0,84000.0,2.0,11.0,5.0,108.0,4.0,72000.0
528,7.0,1250.0,3.0,82000.0,2.0,11.0,5.0,105.0,5.0,72000.0
678,4.0,1266.5,3.0,87000.0,2.0,8.0,-1.0,98.0,5.0,361029.0
177,4.0,1284.1808176100628,2.0,126000.0,2.0,8.0,-1.0,109.0,5.0,330012.0
1032,4.0,1262.0,3.0,155000.0,2.0,8.0,5.0,110.0,4.0,72001.0
629,7.0,1247.0,3.0,110000.0,2.0,11.0,5.0,91.0,4.0,60007.0
329,7.0,1284.1808176100628,3.0,75000.0,2.0,11.0,9.0,100.0,5.0,450018.0
352,7.0,1241.0,3.0,65000.0,2.0,11.0,9.0,110.0,3.0,151011.0
508,4.0,1268.0,1.0,118000.0,2.0,8.0,-1.0,95.0,3.0,330006.0
515,7.0,1362.5,1.0,150000.0,2.0,11.0,-1.0,90.0,5.0,350020.0
383,5.0,1259.0,3.0,121000.0,2.0,15.0,5.0,91.0,5.0,60064.0
1108,7.0,1259.0,1.0,336000.0,2.0,11.0,9.0,112.0,4.0,60036.0
653,5.0,1284.1808176100628,2.0,102000.0,2.0,15.0,5.0,104.0,3.0,350055.0
1088,4.0,1328.0,3.0,123000.0,1.0,8.0,5.0,99.0,3.0,151009.0
548,7.0,1227.5,3.0,67000.0,2.0,11.0,5.0,85.0,5.0,151009.0
650,7.0,1365.5,1.0,130000.0,2.0,11.0,-1.0,100.0,3.0,341439.0
46,7.0,1317.5,3.0,127000.0,2.0,11.0,9.0,88.0,5.0,71000.0
227,7.0,1284.1808176100628,2.0,75000.0,2.0,11.0,9.0,111.0,4.0,151009.0
391,7.0,1320.5,1.0,140000.0,2.0,11.0,-1.0,108.0,4.0,550039.0
200,4.0,1316.0,1.0,127000.0,2.0,8.0,-1.0,95.0,5.0,330013.0
193,7.0,1419.5,1.0,89000.0,2.0,11.0,5.0,110.0,3.0,350060.0
276,5.0,1307.0,1.0,39000.0,2.0,15.0,9.0,114.0,4.0,450016.0
766,5.0,1250.0,3.0,79000.0,2.0,15.0,5.0,110.0,4.0,72001.0
559,7.0,1262.0,1.0,94000.0,2.0,11.0,5.0,89.0,3.0,60018.0
596,4.0,1241.0,3.0,68000.0,2.0,8.0,5.0,102.0,4.0,60020.0
418,4.0,1233.5,1.0,190000.0,1.0,8.0,-1.0,85.0,3.0,60064.0
460,4.0,1284.1808176100628,2.0,70000.0,2.0,8.0,5.0,90.0,3.0,72000.0
852,7.0,1284.1808176100628,2.0,51000.0,2.0,11.0,5.0,110.0,4.0,550013.0
470,7.0,1284.1808176100628,2.0,102000.0,2.0,11.0,5.0,101.0,5.0,450027.0
15,4.0,1214.0,3.0,81000.0,2.0,8.0,5.0,111.0,1.0,60043.0
688,7.0,1191.5,3.0,70000.0,2.0,11.0,9.0,107.0,5.0,450032.0
819,4.0,1284.1808176100628,2.0,81000.0,1.0,8.0,9.0,100.0,5.0,72000.0
485,7.0,1265.0,3.0,118000.0,2.0,11.0,5.0,106.0,5.0,450080.0
970,5.0,1251.5,3.0,124000.0,2.0,15.0,9.0,112.0,4.0,60091.0
148,5.0,1239.5,3.0,78000.0,2.0,15.0,5.0,112.0,4.0,450015.0
687,5.0,1223.0,3.0,54000.0,2.0,15.0,-1.0,112.0,4.0,450018.0
129,7.0,1277.0,3.0,98000.0,2.0,11.0,5.0,92.0,5.0,60036.0
842,7.0,1223.0,3.0,78000.0,2.0,11.0,-1.0,75.0,5.0,450007.0
533,7.0,1284.1808176100628,3.0,203000.0,2.0,11.0,-1.0,107.0,4.0,450012.0
117,4.0,1307.0,1.0,133000.0,2.0,8.0,5.0,110.0,3.0,60043.0
780,4.0,1227.5,1.0,150000.0,2.0,8.0,5.0,78.0,3.0,72000.0
389,7.0,1308.5,1.0,121039.19781221513,1.9269406392694064,10.865753424657534,4.821917808219178,100.79963235294117,4.188868613138686,151009.0
350,4.0,1253.0,3.0,84000.0,2.0,8.0,5.0,107.0,4.0,72001.0
161,4.0,1272.5,3.0,170000.0,2.0,8.0,5.0,110.0,4.0,60019.0
251,4.0,1352.0,1.0,128000.0,1.9269406392694064,10.865753424657534,4.821917808219178,100.79963235294117,4.188868613138686,60058.0
914,4.0,1331.0,3.0,341000.0,2.0,8.0,9.0,114.0,5.0,72001.0
314,4.0,1290.5,3.0,140000.0,2.0,8.0,9.0,101.0,5.0,60063.0
954,5.0,1212.5,3.0,67000.0,2.0,15.0,9.0,110.0,5.0,60083.0
488,7.0,1284.1808176100628,2.0,117000.0,2.0,11.0,-1.0,87.0,3.0,332720.0
33,7.0,1259.0,3.0,74000.0,2.0,11.0,5.0,95.0,5.0,60036.0
274,7.0,1289.0,3.0,68000.0,1.0,11.0,5.0,86.0,3.0,60016.0
465,7.0,1268.0,1.0,379000.0,2.0,11.0,-1.0,108.0,5.0,151304.0
98,4.0,1304.0,3.0,60000.0,2.0,8.0,2.0,95.0,5.0,60058.0
157,7.0,1346.0,1.0,112000.0,2.0,11.0,5.0,85.0,5.0,60064.0
412,4.0,1227.5,1.0,110000.0,2.0,8.0,-1.0,98.0,5.0,361036.0
182,7.0,1308.5,3.0,143000.0,2.0,11.0,5.0,100.79963235294117,3.0,151009.0
199,5.0,1269.5,1.0,77000.0,1.0,15.0,-1.0,84.0,5.0,450000.0
547,6.0,1241.0,1.0,74000.0,2.0,6.0,-1.0,105.0,3.0,60027.0
933,4.0,1373.0,3.0,369000.0,2.0,8.0,7.0,108.0,5.0,330005.0
730,7.0,1340.0,1.0,99000.0,2.0,11.0,-1.0,85.0,5.0,350069.0
140,4.0,1356.5,1.0,148000.0,2.0,8.0,5.0,83.0,3.0,60001.0
606,7.0,1227.5,3.0,90000.0,1.0,11.0,5.0,100.0,3.0,60040.0
660,5.0,1241.0,3.0,54000.0,2.0,15.0,5.0,112.0,4.0,151300.0
890,5.0,1241.0,1.0,78000.0,2.0,15.0,-1.0,77.0,5.0,450033.0
912,7.0,1287.5,3.0,164000.0,2.0,11.0,5.0,100.0,5.0,60026.0
238,4.0,1238.0,3.0,75000.0,2.0,8.0,5.0,104.0,4.0,72001.0
637,7.0,1289.0,1.0,97000.0,2.0,11.0,9.0,110.0,3.0,72008.0
566,7.0,1278.5,3.0,114000.0,2.0,11.0,9.0,112.0,1.0,60010.0
156,7.0,1317.5,3.0,150000.0,2.0,11.0,5.0,112.0,5.0,450042.0
1052,7.0,1284.1808176100628,2.0,78000.0,2.0,11.0,9.0,84.0,3.0,60031.0
1034,7.0,1272.5,3.0,50000.0,2.0,11.0,7.0,115.0,4.0,60007.0
613,4.0,1347.5,1.0,138000.0,2.0,8.0,5.0,102.0,5.0,60013.0
139,4.0,1277.0,3.0,100000.0,2.0,8.0,5.0,100.0,5.0,60000.0
886,7.0,1259.0,3.0,86000.0,2.0,11.0,5.0,88.0,5.0,72000.0
262,4.0,1257.5,1.0,110000.0,2.0,8.0,5.0,89.0,3.0,350063.0
154,5.0,1274.0,3.0,127000.0,2.0,15.0,9.0,113.0,4.0,72001.0
776,5.0,1241.0,3.0,62000.0,2.0,15.0,9.0,95.0,4.0,60023.0
1056,7.0,1326.5,1.0,141000.0,2.0,11.0,-1.0,67.0,5.0,60007.0
542,7.0,1323.5,1.0,122000.0,2.0,11.0,5.0,86.0,3.0,151300.0
468,7.0,1218.5,1.0,101000.0,2.0,11.0,3.0,101.0,3.0,350100.0
833,4.0,1284.1808176100628,2.0,105000.0,1.0,8.0,5.0,99.0,5.0,151300.0
353,5.0,1116.5,3.0,214000.0,2.0,15.0,9.0,112.0,4.0,60019.0
827,5.0,1322.0,3.0,71000.0,2.0,15.0,5.0,114.0,4.0,510034.0
23,4.0,1320.5,3.0,164000.0,1.0,8.0,5.0,105.0,5.0,151300.0
821,5.0,1214.0,3.0,114000.0,2.0,15.0,5.0,90.0,5.0,60091.0
1037,7.0,1274.0,1.0,120000.0,2.0,11.0,5.0,84.0,5.0,151300.0
228,4.0,1349.0,3.0,139000.0,2.0,8.0,5.0,109.0,5.0,151304.0
717,4.0,1260.5,3.0,143000.0,2.0,8.0,9.0,110.0,4.0,60016.0
939,7.0,1223.0,3.0,63000.0,2.0,11.0,5.0,113.0,4.0,151300.0
938,7.0,1286.0,3.0,260000.0,2.0,11.0,5.0,109.0,3.0,151300.0
567,5.0,1230.5,3.0,61000.0,2.0,15.0,5.0,109.0,4.0,60020.0
936,4.0,1305.5,1.0,128000.0,2.0,8.0,3.0,96.0,3.0,60042.0
534,7.0,1284.1808176100628,2.0,70000.0,2.0,11.0,9.0,110.0,4.0,151304.0
734,5.0,1191.5,3.0,61000.0,2.0,15.0,-1.0,111.0,4.0,72001.0
52,5.0,1350.5,1.0,237000.0,2.0,15.0,8.0,86.0,3.0,60085.0
